<Anims>
 <anim name="idle" root="secret" numframes="1000" framerate="40">
  <frame idx="0" w="405" h="477" x="26.083633" y="-38.355560">
   <element name="symbol0" layername="secret" frame="0" z_index="1" m_a="0.919142" m_b="-0.393926" m_c="0.393926" m_d="0.919142" m_tx="0.976029" m_ty="0.128982"/>
  </frame>
  <frame idx="25" w="405" h="477" x="26.083633" y="-38.355560">
   <element name="symbol0" layername="secret" frame="0" z_index="1" m_a="0.919142" m_b="-0.393926" m_c="0.393926" m_d="0.919142" m_tx="0.976029" m_ty="0.128982"/>
  </frame>
  <frame idx="50" w="405" h="477" x="26.083633" y="-38.355560">
   <element name="symbol0" layername="secret" frame="0" z_index="1" m_a="0.919142" m_b="-0.393926" m_c="0.393926" m_d="0.919142" m_tx="0.976029" m_ty="0.128982"/>
  </frame>
  <frame idx="75" w="405" h="477" x="26.083633" y="-38.355560">
   <element name="symbol0" layername="secret" frame="0" z_index="1" m_a="0.919142" m_b="-0.393926" m_c="0.393926" m_d="0.919142" m_tx="0.976029" m_ty="0.128982"/>
  </frame>
  <frame idx="100" w="405" h="477" x="26.083633" y="-38.355560">
   <element name="symbol0" layername="secret" frame="0" z_index="1" m_a="0.919142" m_b="-0.393926" m_c="0.393926" m_d="0.919142" m_tx="0.976029" m_ty="0.128982"/>
  </frame>
  <frame idx="125" w="405" h="477" x="26.083633" y="-38.355560">
   <element name="symbol0" layername="secret" frame="0" z_index="1" m_a="0.919142" m_b="-0.393926" m_c="0.393926" m_d="0.919142" m_tx="0.976029" m_ty="0.128982"/>
  </frame>
  <frame idx="150" w="405" h="477" x="26.083633" y="-38.355560">
   <element name="symbol0" layername="secret" frame="0" z_index="1" m_a="0.919142" m_b="-0.393926" m_c="0.393926" m_d="0.919142" m_tx="0.976029" m_ty="0.128982"/>
  </frame>
  <frame idx="175" w="405" h="477" x="26.083633" y="-38.355560">
   <element name="symbol0" layername="secret" frame="0" z_index="1" m_a="0.919142" m_b="-0.393926" m_c="0.393926" m_d="0.919142" m_tx="0.976029" m_ty="0.128982"/>
  </frame>
  <frame idx="200" w="405" h="477" x="26.083633" y="-38.355560">
   <element name="symbol0" layername="secret" frame="0" z_index="1" m_a="0.919142" m_b="-0.393926" m_c="0.393926" m_d="0.919142" m_tx="0.976029" m_ty="0.128982"/>
  </frame>
  <frame idx="225" w="405" h="477" x="26.083633" y="-38.355560">
   <element name="symbol0" layername="secret" frame="0" z_index="1" m_a="0.919142" m_b="-0.393926" m_c="0.393926" m_d="0.919142" m_tx="0.976029" m_ty="0.128982"/>
  </frame>
  <frame idx="250" w="405" h="477" x="26.083633" y="-38.355560">
   <element name="symbol0" layername="secret" frame="0" z_index="1" m_a="0.919142" m_b="-0.393926" m_c="0.393926" m_d="0.919142" m_tx="0.976029" m_ty="0.128982"/>
  </frame>
  <frame idx="275" w="405" h="477" x="26.083633" y="-38.355560">
   <element name="symbol0" layername="secret" frame="0" z_index="1" m_a="0.919142" m_b="-0.393926" m_c="0.393926" m_d="0.919142" m_tx="0.976029" m_ty="0.128982"/>
  </frame>
  <frame idx="300" w="405" h="477" x="26.083633" y="-38.355560">
   <element name="symbol0" layername="secret" frame="0" z_index="1" m_a="0.919142" m_b="-0.393926" m_c="0.393926" m_d="0.919142" m_tx="0.976029" m_ty="0.128982"/>
  </frame>
  <frame idx="325" w="405" h="477" x="26.083633" y="-38.355560">
   <element name="symbol0" layername="secret" frame="0" z_index="1" m_a="0.919142" m_b="-0.393926" m_c="0.393926" m_d="0.919142" m_tx="0.976029" m_ty="0.128982"/>
  </frame>
  <frame idx="350" w="405" h="477" x="26.083633" y="-38.355560">
   <element name="symbol0" layername="secret" frame="0" z_index="1" m_a="0.919142" m_b="-0.393926" m_c="0.393926" m_d="0.919142" m_tx="0.976029" m_ty="0.128982"/>
  </frame>
  <frame idx="375" w="405" h="477" x="26.083633" y="-38.355560">
   <element name="symbol0" layername="secret" frame="0" z_index="1" m_a="0.919142" m_b="-0.393926" m_c="0.393926" m_d="0.919142" m_tx="0.976029" m_ty="0.128982"/>
  </frame>
  <frame idx="400" w="405" h="477" x="26.083633" y="-38.355560">
   <element name="symbol0" layername="secret" frame="0" z_index="1" m_a="0.919142" m_b="-0.393926" m_c="0.393926" m_d="0.919142" m_tx="0.976029" m_ty="0.128982"/>
  </frame>
  <frame idx="425" w="405" h="477" x="26.083633" y="-38.355560">
   <element name="symbol0" layername="secret" frame="0" z_index="1" m_a="0.919142" m_b="-0.393926" m_c="0.393926" m_d="0.919142" m_tx="0.976029" m_ty="0.128982"/>
  </frame>
  <frame idx="450" w="405" h="477" x="26.083633" y="-38.355560">
   <element name="symbol0" layername="secret" frame="0" z_index="1" m_a="0.919142" m_b="-0.393926" m_c="0.393926" m_d="0.919142" m_tx="0.976029" m_ty="0.128982"/>
  </frame>
  <frame idx="475" w="405" h="477" x="26.083633" y="-38.355560">
   <element name="symbol0" layername="secret" frame="0" z_index="1" m_a="0.919142" m_b="-0.393926" m_c="0.393926" m_d="0.919142" m_tx="0.976029" m_ty="0.128982"/>
  </frame>
  <frame idx="500" w="405" h="477" x="26.083633" y="-38.355560">
   <element name="symbol0" layername="secret" frame="0" z_index="1" m_a="0.919142" m_b="-0.393926" m_c="0.393926" m_d="0.919142" m_tx="0.976029" m_ty="0.128982"/>
  </frame>
  <frame idx="525" w="405" h="477" x="26.083633" y="-38.355560">
   <element name="symbol0" layername="secret" frame="0" z_index="1" m_a="0.919142" m_b="-0.393926" m_c="0.393926" m_d="0.919142" m_tx="0.976029" m_ty="0.128982"/>
  </frame>
  <frame idx="550" w="405" h="477" x="26.083633" y="-38.355560">
   <element name="symbol0" layername="secret" frame="0" z_index="1" m_a="0.919142" m_b="-0.393926" m_c="0.393926" m_d="0.919142" m_tx="0.976029" m_ty="0.128982"/>
  </frame>
  <frame idx="575" w="405" h="477" x="26.083633" y="-38.355560">
   <element name="symbol0" layername="secret" frame="0" z_index="1" m_a="0.919142" m_b="-0.393926" m_c="0.393926" m_d="0.919142" m_tx="0.976029" m_ty="0.128982"/>
  </frame>
  <frame idx="600" w="405" h="477" x="26.083633" y="-38.355560">
   <element name="symbol0" layername="secret" frame="0" z_index="1" m_a="0.919142" m_b="-0.393926" m_c="0.393926" m_d="0.919142" m_tx="0.976029" m_ty="0.128982"/>
  </frame>
  <frame idx="625" w="405" h="477" x="26.083633" y="-38.355560">
   <element name="symbol0" layername="secret" frame="0" z_index="1" m_a="0.919142" m_b="-0.393926" m_c="0.393926" m_d="0.919142" m_tx="0.976029" m_ty="0.128982"/>
  </frame>
  <frame idx="650" w="405" h="477" x="26.083633" y="-38.355560">
   <element name="symbol0" layername="secret" frame="0" z_index="1" m_a="0.919142" m_b="-0.393926" m_c="0.393926" m_d="0.919142" m_tx="0.976029" m_ty="0.128982"/>
  </frame>
  <frame idx="675" w="405" h="477" x="26.083633" y="-38.355560">
   <element name="symbol0" layername="secret" frame="0" z_index="1" m_a="0.919142" m_b="-0.393926" m_c="0.393926" m_d="0.919142" m_tx="0.976029" m_ty="0.128982"/>
  </frame>
  <frame idx="700" w="405" h="477" x="26.083633" y="-38.355560">
   <element name="symbol0" layername="secret" frame="0" z_index="1" m_a="0.919142" m_b="-0.393926" m_c="0.393926" m_d="0.919142" m_tx="0.976029" m_ty="0.128982"/>
  </frame>
  <frame idx="725" w="405" h="477" x="26.083633" y="-38.355560">
   <element name="symbol0" layername="secret" frame="0" z_index="1" m_a="0.919142" m_b="-0.393926" m_c="0.393926" m_d="0.919142" m_tx="0.976029" m_ty="0.128982"/>
  </frame>
  <frame idx="750" w="405" h="477" x="26.083633" y="-38.355560">
   <element name="symbol0" layername="secret" frame="0" z_index="1" m_a="0.919142" m_b="-0.393926" m_c="0.393926" m_d="0.919142" m_tx="0.976029" m_ty="0.128982"/>
  </frame>
  <frame idx="775" w="405" h="477" x="26.083633" y="-38.355560">
   <element name="symbol0" layername="secret" frame="0" z_index="1" m_a="0.919142" m_b="-0.393926" m_c="0.393926" m_d="0.919142" m_tx="0.976029" m_ty="0.128982"/>
  </frame>
  <frame idx="800" w="405" h="477" x="26.083633" y="-38.355560">
   <element name="symbol0" layername="secret" frame="0" z_index="1" m_a="0.919142" m_b="-0.393926" m_c="0.393926" m_d="0.919142" m_tx="0.976029" m_ty="0.128982"/>
  </frame>
  <frame idx="825" w="405" h="477" x="26.083633" y="-38.355560">
   <element name="symbol0" layername="secret" frame="0" z_index="1" m_a="0.919142" m_b="-0.393926" m_c="0.393926" m_d="0.919142" m_tx="0.976029" m_ty="0.128982"/>
  </frame>
  <frame idx="850" w="405" h="477" x="26.083633" y="-38.355560">
   <element name="symbol0" layername="secret" frame="0" z_index="1" m_a="0.919142" m_b="-0.393926" m_c="0.393926" m_d="0.919142" m_tx="0.976029" m_ty="0.128982"/>
  </frame>
  <frame idx="875" w="405" h="477" x="26.083633" y="-38.355560">
   <element name="symbol0" layername="secret" frame="0" z_index="1" m_a="0.919142" m_b="-0.393926" m_c="0.393926" m_d="0.919142" m_tx="0.976029" m_ty="0.128982"/>
  </frame>
  <frame idx="900" w="405" h="477" x="26.083633" y="-38.355560">
   <element name="symbol0" layername="secret" frame="0" z_index="1" m_a="0.919142" m_b="-0.393926" m_c="0.393926" m_d="0.919142" m_tx="0.976029" m_ty="0.128982"/>
  </frame>
  <frame idx="925" w="405" h="477" x="26.083633" y="-38.355560">
   <element name="symbol0" layername="secret" frame="0" z_index="1" m_a="0.919142" m_b="-0.393926" m_c="0.393926" m_d="0.919142" m_tx="0.976029" m_ty="0.128982"/>
  </frame>
  <frame idx="950" w="405" h="477" x="26.083633" y="-38.355560">
   <element name="symbol0" layername="secret" frame="0" z_index="1" m_a="0.919142" m_b="-0.393926" m_c="0.393926" m_d="0.919142" m_tx="0.976029" m_ty="0.128982"/>
  </frame>
  <frame idx="975" w="405" h="477" x="26.083633" y="-38.355560">
   <element name="symbol0" layername="secret" frame="0" z_index="1" m_a="0.919142" m_b="-0.393926" m_c="0.393926" m_d="0.919142" m_tx="0.976029" m_ty="0.128982"/>
  </frame>
 </anim>
</Anims>
