<Anims>
 <anim name="idle" root="monkeycompass_needle" numframes="25" framerate="40">
  <frame idx="0" w="22" h="53" x="0.224999" y="-0.149977">
   <element name="needle" layername="needle" frame="0" z_index="2" m_a="1.000000" m_b="0.000000" m_c="0.000000" m_d="1.000000" m_tx="0.000000" m_ty="0.000000"/>
  </frame>
 </anim>
 <anim name="wiggle" root="monkeycompass_needle" numframes="2625" framerate="40">
  <frame idx="0" w="22" h="53" x="0.225019" y="-0.149986">
   <element name="needle" layername="needle" frame="0" z_index="2" m_a="1.000000" m_b="-0.000001" m_c="0.000001" m_d="1.000000" m_tx="0.000000" m_ty="0.000000"/>
  </frame>
  <frame idx="25" w="22" h="53" x="0.292220" y="-0.178959">
   <element name="needle" layername="needle" frame="0" z_index="2" m_a="0.999986" m_b="-0.002866" m_c="0.002866" m_d="0.999986" m_tx="0.000000" m_ty="0.000000"/>
  </frame>
  <frame idx="50" w="22" h="53" x="0.360660" y="-0.208717">
   <element name="needle" layername="needle" frame="0" z_index="2" m_a="0.999963" m_b="-0.005788" m_c="0.005788" m_d="0.999963" m_tx="0.000000" m_ty="0.000000"/>
  </frame>
  <frame idx="75" w="22" h="53" x="0.429752" y="-0.239002">
   <element name="needle" layername="needle" frame="0" z_index="2" m_a="0.999932" m_b="-0.008742" m_c="0.008742" m_d="0.999932" m_tx="0.000000" m_ty="0.000000"/>
  </frame>
  <frame idx="100" w="24" h="53" x="0.498757" y="-0.269478">
   <element name="needle" layername="needle" frame="0" z_index="2" m_a="0.999892" m_b="-0.011695" m_c="0.011695" m_d="0.999892" m_tx="0.000000" m_ty="0.000000"/>
  </frame>
  <frame idx="125" w="24" h="53" x="0.565631" y="-0.299244">
   <element name="needle" layername="needle" frame="0" z_index="2" m_a="0.999844" m_b="-0.014561" m_c="0.014561" m_d="0.999844" m_tx="0.000000" m_ty="0.000000"/>
  </frame>
  <frame idx="150" w="24" h="53" x="0.633703" y="-0.329796">
   <element name="needle" layername="needle" frame="0" z_index="2" m_a="0.999787" m_b="-0.017482" m_c="0.017482" m_d="0.999787" m_tx="0.000000" m_ty="0.000000"/>
  </frame>
  <frame idx="175" w="24" h="53" x="0.702418" y="-0.360878">
   <element name="needle" layername="needle" frame="0" z_index="2" m_a="0.999721" m_b="-0.020434" m_c="0.020434" m_d="0.999721" m_tx="0.000000" m_ty="0.000000"/>
  </frame>
  <frame idx="200" w="24" h="53" x="0.771064" y="-0.392159">
   <element name="needle" layername="needle" frame="0" z_index="2" m_a="0.999646" m_b="-0.023387" m_c="0.023387" m_d="0.999646" m_tx="0.000000" m_ty="0.000000"/>
  </frame>
  <frame idx="225" w="24" h="53" x="0.837579" y="-0.422722">
   <element name="needle" layername="needle" frame="0" z_index="2" m_a="0.999565" m_b="-0.026252" m_c="0.026252" m_d="0.999565" m_tx="0.000000" m_ty="0.000000"/>
  </frame>
  <frame idx="250" w="24" h="54" x="0.905299" y="-0.454063">
   <element name="needle" layername="needle" frame="0" z_index="2" m_a="0.999474" m_b="-0.029173" m_c="0.029173" m_d="0.999474" m_tx="0.000000" m_ty="0.000000"/>
  </frame>
  <frame idx="275" w="24" h="54" x="0.973657" y="-0.485939">
   <element name="needle" layername="needle" frame="0" z_index="2" m_a="0.999374" m_b="-0.032124" m_c="0.032124" m_d="0.999374" m_tx="0.000000" m_ty="0.000000"/>
  </frame>
  <frame idx="300" w="24" h="54" x="1.041924" y="-0.518017">
   <element name="needle" layername="needle" frame="0" z_index="2" m_a="0.999265" m_b="-0.035076" m_c="0.035076" m_d="0.999265" m_tx="0.000000" m_ty="0.000000"/>
  </frame>
  <frame idx="325" w="24" h="54" x="1.108075" y="-0.549334">
   <element name="needle" layername="needle" frame="0" z_index="2" m_a="0.999150" m_b="-0.037939" m_c="0.037939" m_d="0.999150" m_tx="0.000000" m_ty="0.000000"/>
  </frame>
  <frame idx="350" w="24" h="54" x="1.175418" y="-0.581470">
   <element name="needle" layername="needle" frame="0" z_index="2" m_a="0.999025" m_b="-0.040858" m_c="0.040858" m_d="0.999025" m_tx="0.000000" m_ty="0.000000"/>
  </frame>
  <frame idx="375" w="24" h="54" x="1.243385" y="-0.614151">
   <element name="needle" layername="needle" frame="0" z_index="2" m_a="0.998890" m_b="-0.043808" m_c="0.043808" m_d="0.998890" m_tx="0.000000" m_ty="0.000000"/>
  </frame>
  <frame idx="400" w="24" h="54" x="1.311260" y="-0.647018">
   <element name="needle" layername="needle" frame="0" z_index="2" m_a="0.998746" m_b="-0.046757" m_c="0.046757" m_d="0.998746" m_tx="0.000000" m_ty="0.000000"/>
  </frame>
  <frame idx="425" w="24" h="54" x="1.377057" y="-0.679115">
   <element name="needle" layername="needle" frame="0" z_index="2" m_a="0.998598" m_b="-0.049620" m_c="0.049620" m_d="0.998598" m_tx="0.000000" m_ty="0.000000"/>
  </frame>
  <frame idx="450" w="24" h="54" x="1.444022" y="-0.712040">
   <element name="needle" layername="needle" frame="0" z_index="2" m_a="0.998439" m_b="-0.052538" m_c="0.052538" m_d="0.998439" m_tx="0.000000" m_ty="0.000000"/>
  </frame>
  <frame idx="475" w="25" h="54" x="1.511598" y="-0.745506">
   <element name="needle" layername="needle" frame="0" z_index="2" m_a="0.998269" m_b="-0.055485" m_c="0.055485" m_d="0.998269" m_tx="0.000000" m_ty="0.000000"/>
  </frame>
  <frame idx="500" w="25" h="54" x="1.579072" y="-0.779161">
   <element name="needle" layername="needle" frame="0" z_index="2" m_a="0.998091" m_b="-0.058432" m_c="0.058432" m_d="0.998091" m_tx="0.000000" m_ty="0.000000"/>
  </frame>
  <frame idx="525" w="25" h="54" x="1.644471" y="-0.812038">
   <element name="needle" layername="needle" frame="0" z_index="2" m_a="0.997909" m_b="-0.061293" m_c="0.061293" m_d="0.997909" m_tx="0.000000" m_ty="0.000000"/>
  </frame>
  <frame idx="550" w="25" h="55" x="1.711049" y="-0.845737">
   <element name="needle" layername="needle" frame="0" z_index="2" m_a="0.997716" m_b="-0.064208" m_c="0.064208" m_d="0.997716" m_tx="0.000000" m_ty="0.000000"/>
  </frame>
  <frame idx="575" w="25" h="55" x="1.778228" y="-0.879980">
   <element name="needle" layername="needle" frame="0" z_index="2" m_a="0.997512" m_b="-0.067154" m_c="0.067154" m_d="0.997512" m_tx="0.000000" m_ty="0.000000"/>
  </frame>
  <frame idx="600" w="25" h="55" x="1.845273" y="-0.914406">
   <element name="needle" layername="needle" frame="0" z_index="2" m_a="0.997300" m_b="-0.070097" m_c="0.070097" m_d="0.997300" m_tx="0.000000" m_ty="0.000000"/>
  </frame>
  <frame idx="625" w="25" h="55" x="1.754935" y="-0.868523">
   <element name="needle" layername="needle" frame="0" z_index="2" m_a="0.997568" m_b="-0.066139" m_c="0.066139" m_d="0.997568" m_tx="0.000000" m_ty="0.000000"/>
  </frame>
  <frame idx="650" w="25" h="54" x="1.662650" y="-0.822100">
   <element name="needle" layername="needle" frame="0" z_index="2" m_a="0.997825" m_b="-0.062102" m_c="0.062102" m_d="0.997825" m_tx="0.000000" m_ty="0.000000"/>
  </frame>
  <frame idx="675" w="25" h="54" x="1.569190" y="-0.775555">
   <element name="needle" layername="needle" frame="0" z_index="2" m_a="0.998070" m_b="-0.058021" m_c="0.058021" m_d="0.998070" m_tx="0.000000" m_ty="0.000000"/>
  </frame>
  <frame idx="700" w="25" h="54" x="1.475554" y="-0.729401">
   <element name="needle" layername="needle" frame="0" z_index="2" m_a="0.998297" m_b="-0.053940" m_c="0.053940" m_d="0.998297" m_tx="0.000000" m_ty="0.000000"/>
  </frame>
  <frame idx="725" w="24" h="54" x="1.384493" y="-0.684990">
   <element name="needle" layername="needle" frame="0" z_index="2" m_a="0.998501" m_b="-0.049978" m_c="0.049978" m_d="0.998501" m_tx="0.000000" m_ty="0.000000"/>
  </frame>
  <frame idx="750" w="24" h="54" x="1.291461" y="-0.640064">
   <element name="needle" layername="needle" frame="0" z_index="2" m_a="0.998693" m_b="-0.045937" m_c="0.045937" m_d="0.998693" m_tx="0.000000" m_ty="0.000000"/>
  </frame>
  <frame idx="775" w="24" h="54" x="1.197259" y="-0.595037">
   <element name="needle" layername="needle" frame="0" z_index="2" m_a="0.998871" m_b="-0.041853" m_c="0.041853" m_d="0.998871" m_tx="0.000000" m_ty="0.000000"/>
  </frame>
  <frame idx="800" w="24" h="54" x="1.102923" y="-0.550421">
   <element name="needle" layername="needle" frame="0" z_index="2" m_a="0.999032" m_b="-0.037770" m_c="0.037770" m_d="0.999032" m_tx="0.000000" m_ty="0.000000"/>
  </frame>
  <frame idx="825" w="24" h="54" x="1.011093" y="-0.507462">
   <element name="needle" layername="needle" frame="0" z_index="2" m_a="0.999172" m_b="-0.033803" m_c="0.033803" m_d="0.999172" m_tx="0.000000" m_ty="0.000000"/>
  </frame>
  <frame idx="850" w="24" h="54" x="0.917346" y="-0.464050">
   <element name="needle" layername="needle" frame="0" z_index="2" m_a="0.999299" m_b="-0.029760" m_c="0.029760" m_d="0.999299" m_tx="0.000000" m_ty="0.000000"/>
  </frame>
  <frame idx="875" w="24" h="53" x="0.822441" y="-0.420567">
   <element name="needle" layername="needle" frame="0" z_index="2" m_a="0.999411" m_b="-0.025674" m_c="0.025674" m_d="0.999411" m_tx="0.000000" m_ty="0.000000"/>
  </frame>
  <frame idx="900" w="24" h="53" x="0.727369" y="-0.377493">
   <element name="needle" layername="needle" frame="0" z_index="2" m_a="0.999505" m_b="-0.021588" m_c="0.021588" m_d="0.999505" m_tx="0.000000" m_ty="0.000000"/>
  </frame>
  <frame idx="925" w="24" h="53" x="0.634884" y="-0.336018">
   <element name="needle" layername="needle" frame="0" z_index="2" m_a="0.999581" m_b="-0.017620" m_c="0.017620" m_d="0.999581" m_tx="0.000000" m_ty="0.000000"/>
  </frame>
  <frame idx="950" w="24" h="53" x="0.540467" y="-0.294130">
   <element name="needle" layername="needle" frame="0" z_index="2" m_a="0.999643" m_b="-0.013576" m_c="0.013576" m_d="0.999643" m_tx="0.000000" m_ty="0.000000"/>
  </frame>
  <frame idx="975" w="22" h="53" x="0.444865" y="-0.252192">
   <element name="needle" layername="needle" frame="0" z_index="2" m_a="0.999688" m_b="-0.009489" m_c="0.009489" m_d="0.999688" m_tx="0.000000" m_ty="0.000000"/>
  </frame>
  <frame idx="1000" w="22" h="53" x="0.349048" y="-0.210634">
   <element name="needle" layername="needle" frame="0" z_index="2" m_a="0.999716" m_b="-0.005399" m_c="0.005399" m_d="0.999716" m_tx="0.000000" m_ty="0.000000"/>
  </frame>
  <frame idx="1025" w="22" h="53" x="0.255943" y="-0.170681">
   <element name="needle" layername="needle" frame="0" z_index="2" m_a="0.999729" m_b="-0.001432" m_c="0.001432" m_d="0.999729" m_tx="0.000000" m_ty="0.000000"/>
  </frame>
  <frame idx="1050" w="22" h="53" x="0.160866" y="-0.130329">
   <element name="needle" layername="needle" frame="0" z_index="2" m_a="0.999725" m_b="0.002612" m_c="-0.002612" m_d="0.999725" m_tx="0.000000" m_ty="0.000000"/>
  </frame>
  <frame idx="1075" w="24" h="53" x="0.064623" y="-0.089952">
   <element name="needle" layername="needle" frame="0" z_index="2" m_a="0.999704" m_b="0.006698" m_c="-0.006698" m_d="0.999704" m_tx="0.000000" m_ty="0.000000"/>
  </frame>
  <frame idx="1100" w="24" h="53" x="-0.031735" y="-0.050005">
   <element name="needle" layername="needle" frame="0" z_index="2" m_a="0.999666" m_b="0.010783" m_c="-0.010783" m_d="0.999666" m_tx="0.000000" m_ty="0.000000"/>
  </frame>
  <frame idx="1125" w="24" h="53" x="-0.125408" y="-0.011585">
   <element name="needle" layername="needle" frame="0" z_index="2" m_a="0.999614" m_b="0.014747" m_c="-0.014747" m_d="0.999614" m_tx="0.000000" m_ty="0.000000"/>
  </frame>
  <frame idx="1150" w="25" h="53" x="-0.221254" y="0.027273">
   <element name="needle" layername="needle" frame="0" z_index="2" m_a="0.999544" m_b="0.018796" m_c="-0.018796" m_d="0.999544" m_tx="0.000000" m_ty="0.000000"/>
  </frame>
  <frame idx="1175" w="25" h="53" x="-0.317385" y="0.065783">
   <element name="needle" layername="needle" frame="0" z_index="2" m_a="0.999458" m_b="0.022850" m_c="-0.022850" m_d="0.999458" m_tx="0.000000" m_ty="0.000000"/>
  </frame>
  <frame idx="1200" w="25" h="53" x="-0.411521" y="0.103048">
   <element name="needle" layername="needle" frame="0" z_index="2" m_a="0.999357" m_b="0.026813" m_c="-0.026813" m_d="0.999357" m_tx="0.000000" m_ty="0.000000"/>
  </frame>
  <frame idx="1225" w="25" h="53" x="-0.508555" y="0.141027">
   <element name="needle" layername="needle" frame="0" z_index="2" m_a="0.999238" m_b="0.030891" m_c="-0.030891" m_d="0.999238" m_tx="0.000000" m_ty="0.000000"/>
  </frame>
  <frame idx="1250" w="26" h="53" x="-0.606066" y="0.178724">
   <element name="needle" layername="needle" frame="0" z_index="2" m_a="0.999101" m_b="0.034982" m_c="-0.034982" m_d="0.999101" m_tx="0.000000" m_ty="0.000000"/>
  </frame>
  <frame idx="1275" w="26" h="53" x="-0.702795" y="0.215666">
   <element name="needle" layername="needle" frame="0" z_index="2" m_a="0.998949" m_b="0.039034" m_c="-0.039034" m_d="0.998949" m_tx="0.000000" m_ty="0.000000"/>
  </frame>
  <frame idx="1300" w="26" h="53" x="-0.797527" y="0.251421">
   <element name="needle" layername="needle" frame="0" z_index="2" m_a="0.998785" m_b="0.042995" m_c="-0.042995" m_d="0.998785" m_tx="0.000000" m_ty="0.000000"/>
  </frame>
  <frame idx="1325" w="27" h="53" x="-0.895151" y="0.287821">
   <element name="needle" layername="needle" frame="0" z_index="2" m_a="0.998600" m_b="0.047070" m_c="-0.047070" m_d="0.998600" m_tx="0.000000" m_ty="0.000000"/>
  </frame>
  <frame idx="1350" w="27" h="53" x="-0.993054" y="0.323854">
   <element name="needle" layername="needle" frame="0" z_index="2" m_a="0.998397" m_b="0.051150" m_c="-0.051150" m_d="0.998397" m_tx="0.000000" m_ty="0.000000"/>
  </frame>
  <frame idx="1375" w="27" h="53" x="-1.090265" y="0.359190">
   <element name="needle" layername="needle" frame="0" z_index="2" m_a="0.998180" m_b="0.055194" m_c="-0.055194" m_d="0.998180" m_tx="0.000000" m_ty="0.000000"/>
  </frame>
  <frame idx="1400" w="27" h="53" x="-1.185862" y="0.393513">
   <element name="needle" layername="needle" frame="0" z_index="2" m_a="0.997951" m_b="0.059165" m_c="-0.059165" m_d="0.997951" m_tx="0.000000" m_ty="0.000000"/>
  </frame>
  <frame idx="1425" w="28" h="53" x="-1.284084" y="0.428335">
   <element name="needle" layername="needle" frame="0" z_index="2" m_a="0.997699" m_b="0.063237" m_c="-0.063237" m_d="0.997699" m_tx="0.000000" m_ty="0.000000"/>
  </frame>
  <frame idx="1450" w="28" h="53" x="-1.382545" y="0.462774">
   <element name="needle" layername="needle" frame="0" z_index="2" m_a="0.997431" m_b="0.067313" m_c="-0.067313" m_d="0.997431" m_tx="0.000000" m_ty="0.000000"/>
  </frame>
  <frame idx="1475" w="28" h="53" x="-1.480225" y="0.496496">
   <element name="needle" layername="needle" frame="0" z_index="2" m_a="0.997148" m_b="0.071349" m_c="-0.071349" m_d="0.997148" m_tx="0.000000" m_ty="0.000000"/>
  </frame>
  <frame idx="1500" w="29" h="53" x="-1.576040" y="0.529158">
   <element name="needle" layername="needle" frame="0" z_index="2" m_a="0.996856" m_b="0.075302" m_c="-0.075302" m_d="0.996856" m_tx="0.000000" m_ty="0.000000"/>
  </frame>
  <frame idx="1525" w="29" h="53" x="-1.675119" y="0.562469">
   <element name="needle" layername="needle" frame="0" z_index="2" m_a="0.996537" m_b="0.079382" m_c="-0.079382" m_d="0.996537" m_tx="0.000000" m_ty="0.000000"/>
  </frame>
  <frame idx="1550" w="29" h="53" x="-1.774237" y="0.595354">
   <element name="needle" layername="needle" frame="0" z_index="2" m_a="0.996202" m_b="0.083458" m_c="-0.083458" m_d="0.996202" m_tx="0.000000" m_ty="0.000000"/>
  </frame>
  <frame idx="1575" w="29" h="53" x="-1.872420" y="0.627493">
   <element name="needle" layername="needle" frame="0" z_index="2" m_a="0.995855" m_b="0.087488" m_c="-0.087488" m_d="0.995855" m_tx="0.000000" m_ty="0.000000"/>
  </frame>
  <frame idx="1600" w="30" h="53" x="-1.968763" y="0.658604">
   <element name="needle" layername="needle" frame="0" z_index="2" m_a="0.995499" m_b="0.091436" m_c="-0.091436" m_d="0.995499" m_tx="0.000000" m_ty="0.000000"/>
  </frame>
  <frame idx="1625" w="30" h="53" x="-1.918591" y="0.642630">
   <element name="needle" layername="needle" frame="0" z_index="2" m_a="0.995692" m_b="0.089384" m_c="-0.089384" m_d="0.995692" m_tx="0.000000" m_ty="0.000000"/>
  </frame>
  <frame idx="1650" w="29" h="53" x="-1.862360" y="0.624575">
   <element name="needle" layername="needle" frame="0" z_index="2" m_a="0.995904" m_b="0.087081" m_c="-0.087081" m_d="0.995904" m_tx="0.000000" m_ty="0.000000"/>
  </frame>
  <frame idx="1675" w="29" h="53" x="-1.806574" y="0.606527">
   <element name="needle" layername="needle" frame="0" z_index="2" m_a="0.996109" m_b="0.084794" m_c="-0.084794" m_d="0.996109" m_tx="0.000000" m_ty="0.000000"/>
  </frame>
  <frame idx="1700" w="29" h="53" x="-1.751740" y="0.588663">
   <element name="needle" layername="needle" frame="0" z_index="2" m_a="0.996306" m_b="0.082545" m_c="-0.082545" m_d="0.996306" m_tx="0.000000" m_ty="0.000000"/>
  </frame>
  <frame idx="1725" w="29" h="53" x="-1.695656" y="0.570230">
   <element name="needle" layername="needle" frame="0" z_index="2" m_a="0.996502" m_b="0.080241" m_c="-0.080241" m_d="0.996502" m_tx="0.000000" m_ty="0.000000"/>
  </frame>
  <frame idx="1750" w="29" h="53" x="-1.639576" y="0.551670">
   <element name="needle" layername="needle" frame="0" z_index="2" m_a="0.996693" m_b="0.077936" m_c="-0.077936" m_d="0.996693" m_tx="0.000000" m_ty="0.000000"/>
  </frame>
  <frame idx="1775" w="29" h="53" x="-1.584068" y="0.533155">
   <element name="needle" layername="needle" frame="0" z_index="2" m_a="0.996877" m_b="0.075653" m_c="-0.075653" m_d="0.996877" m_tx="0.000000" m_ty="0.000000"/>
  </frame>
  <frame idx="1800" w="28" h="53" x="-1.529716" y="0.514875">
   <element name="needle" layername="needle" frame="0" z_index="2" m_a="0.997052" m_b="0.073414" m_c="-0.073414" m_d="0.997052" m_tx="0.000000" m_ty="0.000000"/>
  </frame>
  <frame idx="1825" w="28" h="53" x="-1.473515" y="0.495831">
   <element name="needle" layername="needle" frame="0" z_index="2" m_a="0.997227" m_b="0.071097" m_c="-0.071097" m_d="0.997227" m_tx="0.000000" m_ty="0.000000"/>
  </frame>
  <frame idx="1850" w="28" h="53" x="-1.417478" y="0.476711">
   <element name="needle" layername="needle" frame="0" z_index="2" m_a="0.997397" m_b="0.068785" m_c="-0.068785" m_d="0.997397" m_tx="0.000000" m_ty="0.000000"/>
  </frame>
  <frame idx="1875" w="28" h="53" x="-1.362143" y="0.457689">
   <element name="needle" layername="needle" frame="0" z_index="2" m_a="0.997560" m_b="0.066500" m_c="-0.066500" m_d="0.997560" m_tx="0.000000" m_ty="0.000000"/>
  </frame>
  <frame idx="1900" w="28" h="53" x="-1.307957" y="0.438910">
   <element name="needle" layername="needle" frame="0" z_index="2" m_a="0.997715" m_b="0.064260" m_c="-0.064260" m_d="0.997715" m_tx="0.000000" m_ty="0.000000"/>
  </frame>
  <frame idx="1925" w="28" h="53" x="-1.252241" y="0.419458">
   <element name="needle" layername="needle" frame="0" z_index="2" m_a="0.997868" m_b="0.061954" m_c="-0.061954" m_d="0.997868" m_tx="0.000000" m_ty="0.000000"/>
  </frame>
  <frame idx="1950" w="27" h="53" x="-1.196484" y="0.399862">
   <element name="needle" layername="needle" frame="0" z_index="2" m_a="0.998017" m_b="0.059645" m_c="-0.059645" m_d="0.998017" m_tx="0.000000" m_ty="0.000000"/>
  </frame>
  <frame idx="1975" w="27" h="53" x="-1.141232" y="0.380301">
   <element name="needle" layername="needle" frame="0" z_index="2" m_a="0.998159" m_b="0.057354" m_c="-0.057354" m_d="0.998159" m_tx="0.000000" m_ty="0.000000"/>
  </frame>
  <frame idx="2000" w="27" h="53" x="-1.086899" y="0.360910">
   <element name="needle" layername="needle" frame="0" z_index="2" m_a="0.998293" m_b="0.055099" m_c="-0.055099" m_d="0.998293" m_tx="0.000000" m_ty="0.000000"/>
  </frame>
  <frame idx="2025" w="27" h="53" x="-1.031355" y="0.340963">
   <element name="needle" layername="needle" frame="0" z_index="2" m_a="0.998426" m_b="0.052792" m_c="-0.052792" m_d="0.998426" m_tx="0.000000" m_ty="0.000000"/>
  </frame>
  <frame idx="2050" w="27" h="53" x="-0.975780" y="0.320848">
   <element name="needle" layername="needle" frame="0" z_index="2" m_a="0.998554" m_b="0.050482" m_c="-0.050482" m_d="0.998554" m_tx="0.000000" m_ty="0.000000"/>
  </frame>
  <frame idx="2075" w="27" h="53" x="-0.920815" y="0.300806">
   <element name="needle" layername="needle" frame="0" z_index="2" m_a="0.998674" m_b="0.048194" m_c="-0.048194" m_d="0.998674" m_tx="0.000000" m_ty="0.000000"/>
  </frame>
  <frame idx="2100" w="27" h="53" x="-0.866969" y="0.281031">
   <element name="needle" layername="needle" frame="0" z_index="2" m_a="0.998787" m_b="0.045951" m_c="-0.045951" m_d="0.998787" m_tx="0.000000" m_ty="0.000000"/>
  </frame>
  <frame idx="2125" w="26" h="53" x="-0.811324" y="0.260469">
   <element name="needle" layername="needle" frame="0" z_index="2" m_a="0.998900" m_b="0.043631" m_c="-0.043631" m_d="0.998900" m_tx="0.000000" m_ty="0.000000"/>
  </frame>
  <frame idx="2150" w="26" h="53" x="-0.755833" y="0.239805">
   <element name="needle" layername="needle" frame="0" z_index="2" m_a="0.999006" m_b="0.041315" m_c="-0.041315" m_d="0.999006" m_tx="0.000000" m_ty="0.000000"/>
  </frame>
  <frame idx="2175" w="26" h="53" x="-0.701029" y="0.219252">
   <element name="needle" layername="needle" frame="0" z_index="2" m_a="0.999106" m_b="0.039025" m_c="-0.039025" m_d="0.999106" m_tx="0.000000" m_ty="0.000000"/>
  </frame>
  <frame idx="2200" w="26" h="53" x="-0.647377" y="0.198986">
   <element name="needle" layername="needle" frame="0" z_index="2" m_a="0.999198" m_b="0.036781" m_c="-0.036781" m_d="0.999198" m_tx="0.000000" m_ty="0.000000"/>
  </frame>
  <frame idx="2225" w="26" h="53" x="-0.592205" y="0.178022">
   <element name="needle" layername="needle" frame="0" z_index="2" m_a="0.999289" m_b="0.034472" m_c="-0.034472" m_d="0.999289" m_tx="0.000000" m_ty="0.000000"/>
  </frame>
  <frame idx="2250" w="26" h="53" x="-0.536824" y="0.156820">
   <element name="needle" layername="needle" frame="0" z_index="2" m_a="0.999374" m_b="0.032152" m_c="-0.032152" m_d="0.999374" m_tx="0.000000" m_ty="0.000000"/>
  </frame>
  <frame idx="2275" w="25" h="53" x="-0.481991" y="0.135685">
   <element name="needle" layername="needle" frame="0" z_index="2" m_a="0.999453" m_b="0.029852" m_c="-0.029852" m_d="0.999453" m_tx="0.000000" m_ty="0.000000"/>
  </frame>
  <frame idx="2300" w="25" h="53" x="-0.428518" y="0.114946">
   <element name="needle" layername="needle" frame="0" z_index="2" m_a="0.999526" m_b="0.027607" m_c="-0.027607" m_d="0.999526" m_tx="0.000000" m_ty="0.000000"/>
  </frame>
  <frame idx="2325" w="25" h="53" x="-0.373548" y="0.093460">
   <element name="needle" layername="needle" frame="0" z_index="2" m_a="0.999594" m_b="0.025297" m_c="-0.025297" m_d="0.999594" m_tx="0.000000" m_ty="0.000000"/>
  </frame>
  <frame idx="2350" w="25" h="53" x="-0.318557" y="0.071819">
   <element name="needle" layername="needle" frame="0" z_index="2" m_a="0.999658" m_b="0.022984" m_c="-0.022984" m_d="0.999658" m_tx="0.000000" m_ty="0.000000"/>
  </frame>
  <frame idx="2375" w="25" h="53" x="-0.264042" y="0.050230">
   <element name="needle" layername="needle" frame="0" z_index="2" m_a="0.999716" m_b="0.020689" m_c="-0.020689" m_d="0.999716" m_tx="0.000000" m_ty="0.000000"/>
  </frame>
  <frame idx="2400" w="25" h="53" x="-0.210466" y="0.028885">
   <element name="needle" layername="needle" frame="0" z_index="2" m_a="0.999768" m_b="0.018432" m_c="-0.018432" m_d="0.999768" m_tx="0.000000" m_ty="0.000000"/>
  </frame>
  <frame idx="2425" w="24" h="53" x="-0.155669" y="0.006886">
   <element name="needle" layername="needle" frame="0" z_index="2" m_a="0.999815" m_b="0.016120" m_c="-0.016120" m_d="0.999815" m_tx="0.000000" m_ty="0.000000"/>
  </frame>
  <frame idx="2450" w="24" h="53" x="-0.100885" y="-0.015242">
   <element name="needle" layername="needle" frame="0" z_index="2" m_a="0.999858" m_b="0.013807" m_c="-0.013807" m_d="0.999858" m_tx="0.000000" m_ty="0.000000"/>
  </frame>
  <frame idx="2475" w="24" h="53" x="-0.046658" y="-0.037289">
   <element name="needle" layername="needle" frame="0" z_index="2" m_a="0.999895" m_b="0.011515" m_c="-0.011515" m_d="0.999895" m_tx="0.000000" m_ty="0.000000"/>
  </frame>
  <frame idx="2500" w="24" h="53" x="0.006410" y="-0.059021">
   <element name="needle" layername="needle" frame="0" z_index="2" m_a="0.999926" m_b="0.009270" m_c="-0.009270" m_d="0.999926" m_tx="0.000000" m_ty="0.000000"/>
  </frame>
  <frame idx="2525" w="24" h="53" x="0.060984" y="-0.081511">
   <element name="needle" layername="needle" frame="0" z_index="2" m_a="0.999952" m_b="0.006959" m_c="-0.006959" m_d="0.999952" m_tx="0.000000" m_ty="0.000000"/>
  </frame>
  <frame idx="2550" w="24" h="53" x="0.115778" y="-0.104231">
   <element name="needle" layername="needle" frame="0" z_index="2" m_a="0.999974" m_b="0.004637" m_c="-0.004637" m_d="0.999974" m_tx="0.000000" m_ty="0.000000"/>
  </frame>
  <frame idx="2575" w="22" h="53" x="0.170015" y="-0.126867">
   <element name="needle" layername="needle" frame="0" z_index="2" m_a="0.999990" m_b="0.002335" m_c="-0.002335" m_d="0.999990" m_tx="0.000000" m_ty="0.000000"/>
  </frame>
  <frame idx="2600" w="22" h="53" x="0.222883" y="-0.149084">
   <element name="needle" layername="needle" frame="0" z_index="2" m_a="1.000000" m_b="0.000090" m_c="-0.000090" m_d="1.000000" m_tx="0.000000" m_ty="0.000000"/>
  </frame>
 </anim>
</Anims>
