<Anims>
 <anim name="BUILD_PLAYER" root="armor_pirate" numframes="50" framerate="40">
  <frame idx="0" w="929" h="623" x="-9.761658" y="-178.125732">
   <element name="swap_body" layername="SWAP_BODY" frame="0" z_index="8" m_a="1.000000" m_b="0.000000" m_c="0.000000" m_d="1.000000" m_tx="-304.250000" m_ty="-44.299999"/>
   <element name="wilson" layername="wilson" frame="0" z_index="7" m_a="1.000000" m_b="0.000000" m_c="0.000000" m_d="1.000000" m_tx="-426.107391" m_ty="-364.442963"/>
   <element name="wilson" layername="wilson" frame="1" z_index="9" m_a="1.000000" m_b="0.000000" m_c="0.000000" m_d="1.000000" m_tx="-426.770721" m_ty="-365.185242"/>
   <element name="wilson" layername="wilson-3" frame="2" z_index="4" m_a="1.000000" m_b="0.000000" m_c="0.000000" m_d="1.000000" m_tx="-146.486023" m_ty="-371.625702"/>
   <element name="wilson" layername="wilson-2" frame="3" z_index="6" m_a="1.000000" m_b="0.000000" m_c="0.000000" m_d="1.000000" m_tx="-147.044693" m_ty="-371.625702"/>
   <element name="swap_body" layername="swap_body-3" frame="3" z_index="5" m_a="1.000000" m_b="0.000000" m_c="0.000000" m_d="1.000000" m_tx="1.650000" m_ty="-43.000000"/>
   <element name="swap_body" layername="swap_body-6" frame="6" z_index="2" m_a="1.000000" m_b="0.000000" m_c="0.000000" m_d="1.000000" m_tx="291.993073" m_ty="-45.314980"/>
   <element name="wilson" layername="wilson-4" frame="4" z_index="3" m_a="1.000000" m_b="0.000000" m_c="0.000000" m_d="1.000000" m_tx="169.247437" m_ty="-367.942566"/>
  </frame>
  <frame idx="25" w="929" h="623" x="-9.761658" y="-178.125732">
   <element name="swap_body" layername="SWAP_BODY" frame="0" z_index="8" m_a="1.000000" m_b="0.000000" m_c="0.000000" m_d="1.000000" m_tx="-304.250000" m_ty="-44.299999"/>
   <element name="wilson" layername="wilson" frame="0" z_index="7" m_a="1.000000" m_b="0.000000" m_c="0.000000" m_d="1.000000" m_tx="-426.107391" m_ty="-364.442963"/>
   <element name="wilson" layername="wilson" frame="1" z_index="9" m_a="1.000000" m_b="0.000000" m_c="0.000000" m_d="1.000000" m_tx="-426.770721" m_ty="-365.185242"/>
   <element name="wilson" layername="wilson-3" frame="2" z_index="4" m_a="1.000000" m_b="0.000000" m_c="0.000000" m_d="1.000000" m_tx="-146.486023" m_ty="-371.625702"/>
   <element name="wilson" layername="wilson-2" frame="3" z_index="6" m_a="1.000000" m_b="0.000000" m_c="0.000000" m_d="1.000000" m_tx="-147.044693" m_ty="-371.625702"/>
   <element name="swap_body" layername="swap_body-3" frame="3" z_index="5" m_a="1.000000" m_b="0.000000" m_c="0.000000" m_d="1.000000" m_tx="1.650000" m_ty="-43.000000"/>
   <element name="swap_body" layername="swap_body-6" frame="6" z_index="2" m_a="1.000000" m_b="0.000000" m_c="0.000000" m_d="1.000000" m_tx="291.993073" m_ty="-45.314980"/>
   <element name="wilson" layername="wilson-4" frame="4" z_index="3" m_a="1.000000" m_b="0.000000" m_c="0.000000" m_d="1.000000" m_tx="169.247437" m_ty="-367.942566"/>
  </frame>
 </anim>
 <anim name="idle" root="armor_pirate" numframes="1000" framerate="40">
  <frame idx="0" w="179" h="214" x="8.494362" y="-41.513962">
   <element name="swap_body" layername="swap_body" frame="13" z_index="9" m_a="1.000000" m_b="0.000000" m_c="0.000000" m_d="1.000000" m_tx="-0.449000" m_ty="-0.299000"/>
  </frame>
  <frame idx="25" w="179" h="214" x="8.494362" y="-41.513962">
   <element name="swap_body" layername="swap_body" frame="13" z_index="9" m_a="1.000000" m_b="0.000000" m_c="0.000000" m_d="1.000000" m_tx="-0.449000" m_ty="-0.299000"/>
  </frame>
  <frame idx="50" w="179" h="214" x="8.494362" y="-41.513962">
   <element name="swap_body" layername="swap_body" frame="13" z_index="9" m_a="1.000000" m_b="0.000000" m_c="0.000000" m_d="1.000000" m_tx="-0.449000" m_ty="-0.299000"/>
  </frame>
  <frame idx="75" w="179" h="214" x="8.494362" y="-41.513962">
   <element name="swap_body" layername="swap_body" frame="13" z_index="9" m_a="1.000000" m_b="0.000000" m_c="0.000000" m_d="1.000000" m_tx="-0.449000" m_ty="-0.299000"/>
  </frame>
  <frame idx="100" w="179" h="214" x="8.494362" y="-41.513962">
   <element name="swap_body" layername="swap_body" frame="13" z_index="9" m_a="1.000000" m_b="0.000000" m_c="0.000000" m_d="1.000000" m_tx="-0.449000" m_ty="-0.299000"/>
  </frame>
  <frame idx="125" w="179" h="214" x="8.494362" y="-41.513962">
   <element name="swap_body" layername="swap_body" frame="13" z_index="9" m_a="1.000000" m_b="0.000000" m_c="0.000000" m_d="1.000000" m_tx="-0.449000" m_ty="-0.299000"/>
  </frame>
  <frame idx="150" w="179" h="214" x="8.494362" y="-41.513962">
   <element name="swap_body" layername="swap_body" frame="13" z_index="9" m_a="1.000000" m_b="0.000000" m_c="0.000000" m_d="1.000000" m_tx="-0.449000" m_ty="-0.299000"/>
  </frame>
  <frame idx="175" w="179" h="214" x="8.494362" y="-41.513962">
   <element name="swap_body" layername="swap_body" frame="13" z_index="9" m_a="1.000000" m_b="0.000000" m_c="0.000000" m_d="1.000000" m_tx="-0.449000" m_ty="-0.299000"/>
  </frame>
  <frame idx="200" w="179" h="214" x="8.494362" y="-41.513962">
   <element name="swap_body" layername="swap_body" frame="13" z_index="9" m_a="1.000000" m_b="0.000000" m_c="0.000000" m_d="1.000000" m_tx="-0.449000" m_ty="-0.299000"/>
  </frame>
  <frame idx="225" w="179" h="214" x="8.494362" y="-41.513962">
   <element name="swap_body" layername="swap_body" frame="13" z_index="9" m_a="1.000000" m_b="0.000000" m_c="0.000000" m_d="1.000000" m_tx="-0.449000" m_ty="-0.299000"/>
  </frame>
  <frame idx="250" w="179" h="214" x="8.494362" y="-41.513962">
   <element name="swap_body" layername="swap_body" frame="13" z_index="9" m_a="1.000000" m_b="0.000000" m_c="0.000000" m_d="1.000000" m_tx="-0.449000" m_ty="-0.299000"/>
  </frame>
  <frame idx="275" w="179" h="214" x="8.494362" y="-41.513962">
   <element name="swap_body" layername="swap_body" frame="13" z_index="9" m_a="1.000000" m_b="0.000000" m_c="0.000000" m_d="1.000000" m_tx="-0.449000" m_ty="-0.299000"/>
  </frame>
  <frame idx="300" w="179" h="214" x="8.494362" y="-41.513962">
   <element name="swap_body" layername="swap_body" frame="13" z_index="9" m_a="1.000000" m_b="0.000000" m_c="0.000000" m_d="1.000000" m_tx="-0.449000" m_ty="-0.299000"/>
  </frame>
  <frame idx="325" w="179" h="214" x="8.494362" y="-41.513962">
   <element name="swap_body" layername="swap_body" frame="13" z_index="9" m_a="1.000000" m_b="0.000000" m_c="0.000000" m_d="1.000000" m_tx="-0.449000" m_ty="-0.299000"/>
  </frame>
  <frame idx="350" w="179" h="214" x="8.494362" y="-41.513962">
   <element name="swap_body" layername="swap_body" frame="13" z_index="9" m_a="1.000000" m_b="0.000000" m_c="0.000000" m_d="1.000000" m_tx="-0.449000" m_ty="-0.299000"/>
  </frame>
  <frame idx="375" w="179" h="214" x="8.494362" y="-41.513962">
   <element name="swap_body" layername="swap_body" frame="13" z_index="9" m_a="1.000000" m_b="0.000000" m_c="0.000000" m_d="1.000000" m_tx="-0.449000" m_ty="-0.299000"/>
  </frame>
  <frame idx="400" w="179" h="214" x="8.494362" y="-41.513962">
   <element name="swap_body" layername="swap_body" frame="13" z_index="9" m_a="1.000000" m_b="0.000000" m_c="0.000000" m_d="1.000000" m_tx="-0.449000" m_ty="-0.299000"/>
  </frame>
  <frame idx="425" w="179" h="214" x="8.494362" y="-41.513962">
   <element name="swap_body" layername="swap_body" frame="13" z_index="9" m_a="1.000000" m_b="0.000000" m_c="0.000000" m_d="1.000000" m_tx="-0.449000" m_ty="-0.299000"/>
  </frame>
  <frame idx="450" w="179" h="214" x="8.494362" y="-41.513962">
   <element name="swap_body" layername="swap_body" frame="13" z_index="9" m_a="1.000000" m_b="0.000000" m_c="0.000000" m_d="1.000000" m_tx="-0.449000" m_ty="-0.299000"/>
  </frame>
  <frame idx="475" w="179" h="214" x="8.494362" y="-41.513962">
   <element name="swap_body" layername="swap_body" frame="13" z_index="9" m_a="1.000000" m_b="0.000000" m_c="0.000000" m_d="1.000000" m_tx="-0.449000" m_ty="-0.299000"/>
  </frame>
  <frame idx="500" w="179" h="214" x="8.494362" y="-41.513962">
   <element name="swap_body" layername="swap_body" frame="13" z_index="9" m_a="1.000000" m_b="0.000000" m_c="0.000000" m_d="1.000000" m_tx="-0.449000" m_ty="-0.299000"/>
  </frame>
  <frame idx="525" w="179" h="214" x="8.494362" y="-41.513962">
   <element name="swap_body" layername="swap_body" frame="13" z_index="9" m_a="1.000000" m_b="0.000000" m_c="0.000000" m_d="1.000000" m_tx="-0.449000" m_ty="-0.299000"/>
  </frame>
  <frame idx="550" w="179" h="214" x="8.494362" y="-41.513962">
   <element name="swap_body" layername="swap_body" frame="13" z_index="9" m_a="1.000000" m_b="0.000000" m_c="0.000000" m_d="1.000000" m_tx="-0.449000" m_ty="-0.299000"/>
  </frame>
  <frame idx="575" w="179" h="214" x="8.494362" y="-41.513962">
   <element name="swap_body" layername="swap_body" frame="13" z_index="9" m_a="1.000000" m_b="0.000000" m_c="0.000000" m_d="1.000000" m_tx="-0.449000" m_ty="-0.299000"/>
  </frame>
  <frame idx="600" w="179" h="214" x="8.494362" y="-41.513962">
   <element name="swap_body" layername="swap_body" frame="13" z_index="9" m_a="1.000000" m_b="0.000000" m_c="0.000000" m_d="1.000000" m_tx="-0.449000" m_ty="-0.299000"/>
  </frame>
  <frame idx="625" w="179" h="214" x="8.494362" y="-41.513962">
   <element name="swap_body" layername="swap_body" frame="13" z_index="9" m_a="1.000000" m_b="0.000000" m_c="0.000000" m_d="1.000000" m_tx="-0.449000" m_ty="-0.299000"/>
  </frame>
  <frame idx="650" w="179" h="214" x="8.494362" y="-41.513962">
   <element name="swap_body" layername="swap_body" frame="13" z_index="9" m_a="1.000000" m_b="0.000000" m_c="0.000000" m_d="1.000000" m_tx="-0.449000" m_ty="-0.299000"/>
  </frame>
  <frame idx="675" w="179" h="214" x="8.494362" y="-41.513962">
   <element name="swap_body" layername="swap_body" frame="13" z_index="9" m_a="1.000000" m_b="0.000000" m_c="0.000000" m_d="1.000000" m_tx="-0.449000" m_ty="-0.299000"/>
  </frame>
  <frame idx="700" w="179" h="214" x="8.494362" y="-41.513962">
   <element name="swap_body" layername="swap_body" frame="13" z_index="9" m_a="1.000000" m_b="0.000000" m_c="0.000000" m_d="1.000000" m_tx="-0.449000" m_ty="-0.299000"/>
  </frame>
  <frame idx="725" w="179" h="214" x="8.494362" y="-41.513962">
   <element name="swap_body" layername="swap_body" frame="13" z_index="9" m_a="1.000000" m_b="0.000000" m_c="0.000000" m_d="1.000000" m_tx="-0.449000" m_ty="-0.299000"/>
  </frame>
  <frame idx="750" w="179" h="214" x="8.494362" y="-41.513962">
   <element name="swap_body" layername="swap_body" frame="13" z_index="9" m_a="1.000000" m_b="0.000000" m_c="0.000000" m_d="1.000000" m_tx="-0.449000" m_ty="-0.299000"/>
  </frame>
  <frame idx="775" w="179" h="214" x="8.494362" y="-41.513962">
   <element name="swap_body" layername="swap_body" frame="13" z_index="9" m_a="1.000000" m_b="0.000000" m_c="0.000000" m_d="1.000000" m_tx="-0.449000" m_ty="-0.299000"/>
  </frame>
  <frame idx="800" w="179" h="214" x="8.494362" y="-41.513962">
   <element name="swap_body" layername="swap_body" frame="13" z_index="9" m_a="1.000000" m_b="0.000000" m_c="0.000000" m_d="1.000000" m_tx="-0.449000" m_ty="-0.299000"/>
  </frame>
  <frame idx="825" w="179" h="214" x="8.494362" y="-41.513962">
   <element name="swap_body" layername="swap_body" frame="13" z_index="9" m_a="1.000000" m_b="0.000000" m_c="0.000000" m_d="1.000000" m_tx="-0.449000" m_ty="-0.299000"/>
  </frame>
  <frame idx="850" w="179" h="214" x="8.494362" y="-41.513962">
   <element name="swap_body" layername="swap_body" frame="13" z_index="9" m_a="1.000000" m_b="0.000000" m_c="0.000000" m_d="1.000000" m_tx="-0.449000" m_ty="-0.299000"/>
  </frame>
  <frame idx="875" w="179" h="214" x="8.494362" y="-41.513962">
   <element name="swap_body" layername="swap_body" frame="13" z_index="9" m_a="1.000000" m_b="0.000000" m_c="0.000000" m_d="1.000000" m_tx="-0.449000" m_ty="-0.299000"/>
  </frame>
  <frame idx="900" w="179" h="214" x="8.494362" y="-41.513962">
   <element name="swap_body" layername="swap_body" frame="13" z_index="9" m_a="1.000000" m_b="0.000000" m_c="0.000000" m_d="1.000000" m_tx="-0.449000" m_ty="-0.299000"/>
  </frame>
  <frame idx="925" w="179" h="214" x="8.494362" y="-41.513962">
   <element name="swap_body" layername="swap_body" frame="13" z_index="9" m_a="1.000000" m_b="0.000000" m_c="0.000000" m_d="1.000000" m_tx="-0.449000" m_ty="-0.299000"/>
  </frame>
  <frame idx="950" w="179" h="214" x="8.494362" y="-41.513962">
   <element name="swap_body" layername="swap_body" frame="13" z_index="9" m_a="1.000000" m_b="0.000000" m_c="0.000000" m_d="1.000000" m_tx="-0.449000" m_ty="-0.299000"/>
  </frame>
  <frame idx="975" w="179" h="214" x="8.494362" y="-41.513962">
   <element name="swap_body" layername="swap_body" frame="13" z_index="9" m_a="1.000000" m_b="0.000000" m_c="0.000000" m_d="1.000000" m_tx="-0.449000" m_ty="-0.299000"/>
  </frame>
 </anim>
</Anims>
