<Anims>
 <anim name="Idle" root="ground_amgulet" numframes="50" framerate="40">
  <frame idx="0" w="236" h="117" x="28.000023" y="-1.000038">
   <element name="ground_amgulet" layername="ground_amgulet" frame="0" z_index="1" m_a="1.000000" m_b="0.000000" m_c="0.000000" m_d="1.000000" m_tx="2.106996" m_ty="0.980952"/>
  </frame>
  <frame idx="25" w="236" h="117" x="28.000023" y="-1.000038">
   <element name="ground_amgulet" layername="ground_amgulet" frame="0" z_index="1" m_a="1.000000" m_b="0.000000" m_c="0.000000" m_d="1.000000" m_tx="2.106996" m_ty="0.980952"/>
  </frame>
 </anim>
</Anims>
