<Anims>
 <anim name="idle" root="grogomat" numframes="1000" framerate="40">
  <frame idx="0" w="533" h="630" x="28.374527" y="-59.208191">
   <element name="symbol0" layername="grogomat" frame="0" z_index="5" m_a="1.000000" m_b="0.000000" m_c="0.000000" m_d="1.000000" m_tx="0.000000" m_ty="0.000000"/>
  </frame>
  <frame idx="25" w="533" h="630" x="28.374527" y="-59.208191">
   <element name="symbol0" layername="grogomat" frame="0" z_index="5" m_a="1.000000" m_b="0.000000" m_c="0.000000" m_d="1.000000" m_tx="0.000000" m_ty="0.000000"/>
  </frame>
  <frame idx="50" w="533" h="630" x="28.374527" y="-59.208191">
   <element name="symbol0" layername="grogomat" frame="0" z_index="5" m_a="1.000000" m_b="0.000000" m_c="0.000000" m_d="1.000000" m_tx="0.000000" m_ty="0.000000"/>
  </frame>
  <frame idx="75" w="533" h="630" x="28.374527" y="-59.208191">
   <element name="symbol0" layername="grogomat" frame="0" z_index="5" m_a="1.000000" m_b="0.000000" m_c="0.000000" m_d="1.000000" m_tx="0.000000" m_ty="0.000000"/>
  </frame>
  <frame idx="100" w="533" h="630" x="28.374527" y="-59.208191">
   <element name="symbol0" layername="grogomat" frame="0" z_index="5" m_a="1.000000" m_b="0.000000" m_c="0.000000" m_d="1.000000" m_tx="0.000000" m_ty="0.000000"/>
  </frame>
  <frame idx="125" w="533" h="630" x="28.374527" y="-59.208191">
   <element name="symbol0" layername="grogomat" frame="0" z_index="5" m_a="1.000000" m_b="0.000000" m_c="0.000000" m_d="1.000000" m_tx="0.000000" m_ty="0.000000"/>
  </frame>
  <frame idx="150" w="533" h="630" x="28.374527" y="-59.208191">
   <element name="symbol0" layername="grogomat" frame="0" z_index="5" m_a="1.000000" m_b="0.000000" m_c="0.000000" m_d="1.000000" m_tx="0.000000" m_ty="0.000000"/>
  </frame>
  <frame idx="175" w="533" h="630" x="28.374527" y="-59.208191">
   <element name="symbol0" layername="grogomat" frame="0" z_index="5" m_a="1.000000" m_b="0.000000" m_c="0.000000" m_d="1.000000" m_tx="0.000000" m_ty="0.000000"/>
  </frame>
  <frame idx="200" w="533" h="630" x="28.374527" y="-59.208191">
   <element name="symbol0" layername="grogomat" frame="0" z_index="5" m_a="1.000000" m_b="0.000000" m_c="0.000000" m_d="1.000000" m_tx="0.000000" m_ty="0.000000"/>
  </frame>
  <frame idx="225" w="533" h="630" x="28.374527" y="-59.208191">
   <element name="symbol0" layername="grogomat" frame="0" z_index="5" m_a="1.000000" m_b="0.000000" m_c="0.000000" m_d="1.000000" m_tx="0.000000" m_ty="0.000000"/>
  </frame>
  <frame idx="250" w="533" h="630" x="28.374527" y="-59.208191">
   <element name="symbol0" layername="grogomat" frame="0" z_index="5" m_a="1.000000" m_b="0.000000" m_c="0.000000" m_d="1.000000" m_tx="0.000000" m_ty="0.000000"/>
  </frame>
  <frame idx="275" w="533" h="630" x="28.374527" y="-59.208191">
   <element name="symbol0" layername="grogomat" frame="0" z_index="5" m_a="1.000000" m_b="0.000000" m_c="0.000000" m_d="1.000000" m_tx="0.000000" m_ty="0.000000"/>
  </frame>
  <frame idx="300" w="533" h="630" x="28.374527" y="-59.208191">
   <element name="symbol0" layername="grogomat" frame="0" z_index="5" m_a="1.000000" m_b="0.000000" m_c="0.000000" m_d="1.000000" m_tx="0.000000" m_ty="0.000000"/>
  </frame>
  <frame idx="325" w="533" h="630" x="28.374527" y="-59.208191">
   <element name="symbol0" layername="grogomat" frame="0" z_index="5" m_a="1.000000" m_b="0.000000" m_c="0.000000" m_d="1.000000" m_tx="0.000000" m_ty="0.000000"/>
  </frame>
  <frame idx="350" w="533" h="630" x="28.374527" y="-59.208191">
   <element name="symbol0" layername="grogomat" frame="0" z_index="5" m_a="1.000000" m_b="0.000000" m_c="0.000000" m_d="1.000000" m_tx="0.000000" m_ty="0.000000"/>
  </frame>
  <frame idx="375" w="533" h="630" x="28.374527" y="-59.208191">
   <element name="symbol0" layername="grogomat" frame="0" z_index="5" m_a="1.000000" m_b="0.000000" m_c="0.000000" m_d="1.000000" m_tx="0.000000" m_ty="0.000000"/>
  </frame>
  <frame idx="400" w="533" h="630" x="28.374527" y="-59.208191">
   <element name="symbol0" layername="grogomat" frame="0" z_index="5" m_a="1.000000" m_b="0.000000" m_c="0.000000" m_d="1.000000" m_tx="0.000000" m_ty="0.000000"/>
  </frame>
  <frame idx="425" w="533" h="630" x="28.374527" y="-59.208191">
   <element name="symbol0" layername="grogomat" frame="0" z_index="5" m_a="1.000000" m_b="0.000000" m_c="0.000000" m_d="1.000000" m_tx="0.000000" m_ty="0.000000"/>
  </frame>
  <frame idx="450" w="533" h="630" x="28.374527" y="-59.208191">
   <element name="symbol0" layername="grogomat" frame="0" z_index="5" m_a="1.000000" m_b="0.000000" m_c="0.000000" m_d="1.000000" m_tx="0.000000" m_ty="0.000000"/>
  </frame>
  <frame idx="475" w="533" h="630" x="28.374527" y="-59.208191">
   <element name="symbol0" layername="grogomat" frame="0" z_index="5" m_a="1.000000" m_b="0.000000" m_c="0.000000" m_d="1.000000" m_tx="0.000000" m_ty="0.000000"/>
  </frame>
  <frame idx="500" w="533" h="630" x="28.374527" y="-59.208191">
   <element name="symbol0" layername="grogomat" frame="0" z_index="5" m_a="1.000000" m_b="0.000000" m_c="0.000000" m_d="1.000000" m_tx="0.000000" m_ty="0.000000"/>
  </frame>
  <frame idx="525" w="533" h="630" x="28.374527" y="-59.208191">
   <element name="symbol0" layername="grogomat" frame="0" z_index="5" m_a="1.000000" m_b="0.000000" m_c="0.000000" m_d="1.000000" m_tx="0.000000" m_ty="0.000000"/>
  </frame>
  <frame idx="550" w="533" h="630" x="28.374527" y="-59.208191">
   <element name="symbol0" layername="grogomat" frame="0" z_index="5" m_a="1.000000" m_b="0.000000" m_c="0.000000" m_d="1.000000" m_tx="0.000000" m_ty="0.000000"/>
  </frame>
  <frame idx="575" w="533" h="630" x="28.374527" y="-59.208191">
   <element name="symbol0" layername="grogomat" frame="0" z_index="5" m_a="1.000000" m_b="0.000000" m_c="0.000000" m_d="1.000000" m_tx="0.000000" m_ty="0.000000"/>
  </frame>
  <frame idx="600" w="533" h="630" x="28.374527" y="-59.208191">
   <element name="symbol0" layername="grogomat" frame="0" z_index="5" m_a="1.000000" m_b="0.000000" m_c="0.000000" m_d="1.000000" m_tx="0.000000" m_ty="0.000000"/>
  </frame>
  <frame idx="625" w="533" h="630" x="28.374527" y="-59.208191">
   <element name="symbol0" layername="grogomat" frame="0" z_index="5" m_a="1.000000" m_b="0.000000" m_c="0.000000" m_d="1.000000" m_tx="0.000000" m_ty="0.000000"/>
  </frame>
  <frame idx="650" w="533" h="630" x="28.374527" y="-59.208191">
   <element name="symbol0" layername="grogomat" frame="0" z_index="5" m_a="1.000000" m_b="0.000000" m_c="0.000000" m_d="1.000000" m_tx="0.000000" m_ty="0.000000"/>
  </frame>
  <frame idx="675" w="533" h="630" x="28.374527" y="-59.208191">
   <element name="symbol0" layername="grogomat" frame="0" z_index="5" m_a="1.000000" m_b="0.000000" m_c="0.000000" m_d="1.000000" m_tx="0.000000" m_ty="0.000000"/>
  </frame>
  <frame idx="700" w="533" h="630" x="28.374527" y="-59.208191">
   <element name="symbol0" layername="grogomat" frame="0" z_index="5" m_a="1.000000" m_b="0.000000" m_c="0.000000" m_d="1.000000" m_tx="0.000000" m_ty="0.000000"/>
  </frame>
  <frame idx="725" w="533" h="630" x="28.374527" y="-59.208191">
   <element name="symbol0" layername="grogomat" frame="0" z_index="5" m_a="1.000000" m_b="0.000000" m_c="0.000000" m_d="1.000000" m_tx="0.000000" m_ty="0.000000"/>
  </frame>
  <frame idx="750" w="533" h="630" x="28.374527" y="-59.208191">
   <element name="symbol0" layername="grogomat" frame="0" z_index="5" m_a="1.000000" m_b="0.000000" m_c="0.000000" m_d="1.000000" m_tx="0.000000" m_ty="0.000000"/>
  </frame>
  <frame idx="775" w="533" h="630" x="28.374527" y="-59.208191">
   <element name="symbol0" layername="grogomat" frame="0" z_index="5" m_a="1.000000" m_b="0.000000" m_c="0.000000" m_d="1.000000" m_tx="0.000000" m_ty="0.000000"/>
  </frame>
  <frame idx="800" w="533" h="630" x="28.374527" y="-59.208191">
   <element name="symbol0" layername="grogomat" frame="0" z_index="5" m_a="1.000000" m_b="0.000000" m_c="0.000000" m_d="1.000000" m_tx="0.000000" m_ty="0.000000"/>
  </frame>
  <frame idx="825" w="533" h="630" x="28.374527" y="-59.208191">
   <element name="symbol0" layername="grogomat" frame="0" z_index="5" m_a="1.000000" m_b="0.000000" m_c="0.000000" m_d="1.000000" m_tx="0.000000" m_ty="0.000000"/>
  </frame>
  <frame idx="850" w="533" h="630" x="28.374527" y="-59.208191">
   <element name="symbol0" layername="grogomat" frame="0" z_index="5" m_a="1.000000" m_b="0.000000" m_c="0.000000" m_d="1.000000" m_tx="0.000000" m_ty="0.000000"/>
  </frame>
  <frame idx="875" w="533" h="630" x="28.374527" y="-59.208191">
   <element name="symbol0" layername="grogomat" frame="0" z_index="5" m_a="1.000000" m_b="0.000000" m_c="0.000000" m_d="1.000000" m_tx="0.000000" m_ty="0.000000"/>
  </frame>
  <frame idx="900" w="533" h="630" x="28.374527" y="-59.208191">
   <element name="symbol0" layername="grogomat" frame="0" z_index="5" m_a="1.000000" m_b="0.000000" m_c="0.000000" m_d="1.000000" m_tx="0.000000" m_ty="0.000000"/>
  </frame>
  <frame idx="925" w="533" h="630" x="28.374527" y="-59.208191">
   <element name="symbol0" layername="grogomat" frame="0" z_index="5" m_a="1.000000" m_b="0.000000" m_c="0.000000" m_d="1.000000" m_tx="0.000000" m_ty="0.000000"/>
  </frame>
  <frame idx="950" w="533" h="630" x="28.374527" y="-59.208191">
   <element name="symbol0" layername="grogomat" frame="0" z_index="5" m_a="1.000000" m_b="0.000000" m_c="0.000000" m_d="1.000000" m_tx="0.000000" m_ty="0.000000"/>
  </frame>
  <frame idx="975" w="533" h="630" x="28.374527" y="-59.208191">
   <element name="symbol0" layername="grogomat" frame="0" z_index="5" m_a="1.000000" m_b="0.000000" m_c="0.000000" m_d="1.000000" m_tx="0.000000" m_ty="0.000000"/>
  </frame>
 </anim>
 <anim name="shake" root="grogomat" numframes="1000" framerate="40">
  <frame idx="0" w="533" h="630" x="28.374527" y="-59.208191">
   <element name="symbol0" layername="grogomat" frame="0" z_index="5" m_a="1.000000" m_b="0.000000" m_c="0.000000" m_d="1.000000" m_tx="0.000000" m_ty="0.000000"/>
  </frame>
  <frame idx="25" w="533" h="624" x="28.374527" y="-63.734833">
   <element name="symbol0" layername="grogomat" frame="0" z_index="5" m_a="1.000000" m_b="0.000000" m_c="0.000000" m_d="0.982318" m_tx="0.000000" m_ty="0.000000"/>
  </frame>
  <frame idx="50" w="533" h="620" x="28.374527" y="-68.261490">
   <element name="symbol0" layername="grogomat" frame="0" z_index="5" m_a="1.000000" m_b="0.000000" m_c="0.000000" m_d="0.964636" m_tx="0.000000" m_ty="0.000000"/>
  </frame>
  <frame idx="75" w="533" h="614" x="28.374527" y="-72.788132">
   <element name="symbol0" layername="grogomat" frame="0" z_index="5" m_a="1.000000" m_b="0.000000" m_c="0.000000" m_d="0.946953" m_tx="0.000000" m_ty="0.000000"/>
  </frame>
  <frame idx="100" w="533" h="610" x="28.374527" y="-77.314789">
   <element name="symbol0" layername="grogomat" frame="0" z_index="5" m_a="1.000000" m_b="0.000000" m_c="0.000000" m_d="0.929271" m_tx="0.000000" m_ty="0.000000"/>
  </frame>
  <frame idx="125" w="533" h="604" x="28.374527" y="-81.841431">
   <element name="symbol0" layername="grogomat" frame="0" z_index="5" m_a="1.000000" m_b="0.000000" m_c="0.000000" m_d="0.911589" m_tx="0.000000" m_ty="0.000000"/>
  </frame>
  <frame idx="150" w="533" h="601" x="28.374527" y="-84.679825">
   <element name="symbol0" layername="grogomat" frame="0" z_index="5" m_a="1.000000" m_b="0.000000" m_c="0.000000" m_d="0.900501" m_tx="0.000000" m_ty="0.000000"/>
  </frame>
  <frame idx="175" w="533" h="602" x="28.374527" y="-83.930664">
   <element name="symbol0" layername="grogomat" frame="0" z_index="5" m_a="1.000000" m_b="0.000000" m_c="0.000000" m_d="0.903428" m_tx="0.000000" m_ty="0.000000"/>
  </frame>
  <frame idx="200" w="533" h="603" x="28.374527" y="-83.181488">
   <element name="symbol0" layername="grogomat" frame="0" z_index="5" m_a="1.000000" m_b="0.000000" m_c="0.000000" m_d="0.906354" m_tx="0.000000" m_ty="0.000000"/>
  </frame>
  <frame idx="225" w="533" h="603" x="28.374527" y="-82.432327">
   <element name="symbol0" layername="grogomat" frame="0" z_index="5" m_a="1.000000" m_b="0.000000" m_c="0.000000" m_d="0.909281" m_tx="0.000000" m_ty="0.000000"/>
  </frame>
  <frame idx="250" w="533" h="604" x="28.374527" y="-81.683167">
   <element name="symbol0" layername="grogomat" frame="0" z_index="5" m_a="1.000000" m_b="0.000000" m_c="0.000000" m_d="0.912207" m_tx="0.000000" m_ty="0.000000"/>
  </frame>
  <frame idx="275" w="533" h="605" x="28.374527" y="-80.933990">
   <element name="symbol0" layername="grogomat" frame="0" z_index="5" m_a="1.000000" m_b="0.000000" m_c="0.000000" m_d="0.915134" m_tx="0.000000" m_ty="0.000000"/>
  </frame>
  <frame idx="300" w="533" h="607" x="28.374527" y="-80.184830">
   <element name="symbol0" layername="grogomat" frame="0" z_index="5" m_a="1.000000" m_b="0.000000" m_c="0.000000" m_d="0.918060" m_tx="0.000000" m_ty="0.000000"/>
  </frame>
  <frame idx="325" w="533" h="607" x="28.374527" y="-79.435669">
   <element name="symbol0" layername="grogomat" frame="0" z_index="5" m_a="1.000000" m_b="0.000000" m_c="0.000000" m_d="0.920986" m_tx="0.000000" m_ty="0.000000"/>
  </frame>
  <frame idx="350" w="533" h="608" x="28.374527" y="-78.686493">
   <element name="symbol0" layername="grogomat" frame="0" z_index="5" m_a="1.000000" m_b="0.000000" m_c="0.000000" m_d="0.923913" m_tx="0.000000" m_ty="0.000000"/>
  </frame>
  <frame idx="375" w="533" h="609" x="28.374527" y="-77.937332">
   <element name="symbol0" layername="grogomat" frame="0" z_index="5" m_a="1.000000" m_b="0.000000" m_c="0.000000" m_d="0.926839" m_tx="0.000000" m_ty="0.000000"/>
  </frame>
  <frame idx="400" w="533" h="610" x="28.374527" y="-77.188171">
   <element name="symbol0" layername="grogomat" frame="0" z_index="5" m_a="1.000000" m_b="0.000000" m_c="0.000000" m_d="0.929766" m_tx="0.000000" m_ty="0.000000"/>
  </frame>
  <frame idx="425" w="533" h="610" x="28.374527" y="-76.438995">
   <element name="symbol0" layername="grogomat" frame="0" z_index="5" m_a="1.000000" m_b="0.000000" m_c="0.000000" m_d="0.932692" m_tx="0.000000" m_ty="0.000000"/>
  </frame>
  <frame idx="450" w="533" h="611" x="28.374527" y="-75.689835">
   <element name="symbol0" layername="grogomat" frame="0" z_index="5" m_a="1.000000" m_b="0.000000" m_c="0.000000" m_d="0.935619" m_tx="0.000000" m_ty="0.000000"/>
  </frame>
  <frame idx="475" w="533" h="612" x="28.374527" y="-74.940674">
   <element name="symbol0" layername="grogomat" frame="0" z_index="5" m_a="1.000000" m_b="0.000000" m_c="0.000000" m_d="0.938545" m_tx="0.000000" m_ty="0.000000"/>
  </frame>
  <frame idx="500" w="533" h="613" x="28.374527" y="-74.191498">
   <element name="symbol0" layername="grogomat" frame="0" z_index="5" m_a="1.000000" m_b="0.000000" m_c="0.000000" m_d="0.941471" m_tx="0.000000" m_ty="0.000000"/>
  </frame>
  <frame idx="525" w="533" h="613" x="28.374527" y="-73.442337">
   <element name="symbol0" layername="grogomat" frame="0" z_index="5" m_a="1.000000" m_b="0.000000" m_c="0.000000" m_d="0.944398" m_tx="0.000000" m_ty="0.000000"/>
  </frame>
  <frame idx="550" w="533" h="614" x="28.374527" y="-72.693176">
   <element name="symbol0" layername="grogomat" frame="0" z_index="5" m_a="1.000000" m_b="0.000000" m_c="0.000000" m_d="0.947324" m_tx="0.000000" m_ty="0.000000"/>
  </frame>
  <frame idx="575" w="533" h="615" x="28.374527" y="-71.944000">
   <element name="symbol0" layername="grogomat" frame="0" z_index="5" m_a="1.000000" m_b="0.000000" m_c="0.000000" m_d="0.950251" m_tx="0.000000" m_ty="0.000000"/>
  </frame>
  <frame idx="600" w="533" h="616" x="28.374527" y="-71.194839">
   <element name="symbol0" layername="grogomat" frame="0" z_index="5" m_a="1.000000" m_b="0.000000" m_c="0.000000" m_d="0.953177" m_tx="0.000000" m_ty="0.000000"/>
  </frame>
  <frame idx="625" w="533" h="616" x="28.374527" y="-70.445679">
   <element name="symbol0" layername="grogomat" frame="0" z_index="5" m_a="1.000000" m_b="0.000000" m_c="0.000000" m_d="0.956104" m_tx="0.000000" m_ty="0.000000"/>
  </frame>
  <frame idx="650" w="533" h="618" x="28.374527" y="-69.696503">
   <element name="symbol0" layername="grogomat" frame="0" z_index="5" m_a="1.000000" m_b="0.000000" m_c="0.000000" m_d="0.959030" m_tx="0.000000" m_ty="0.000000"/>
  </frame>
  <frame idx="675" w="533" h="619" x="28.374527" y="-68.947342">
   <element name="symbol0" layername="grogomat" frame="0" z_index="5" m_a="1.000000" m_b="0.000000" m_c="0.000000" m_d="0.961956" m_tx="0.000000" m_ty="0.000000"/>
  </frame>
  <frame idx="700" w="533" h="620" x="28.374527" y="-68.198181">
   <element name="symbol0" layername="grogomat" frame="0" z_index="5" m_a="1.000000" m_b="0.000000" m_c="0.000000" m_d="0.964883" m_tx="0.000000" m_ty="0.000000"/>
  </frame>
  <frame idx="725" w="533" h="620" x="28.374527" y="-67.449005">
   <element name="symbol0" layername="grogomat" frame="0" z_index="5" m_a="1.000000" m_b="0.000000" m_c="0.000000" m_d="0.967809" m_tx="0.000000" m_ty="0.000000"/>
  </frame>
  <frame idx="750" w="533" h="621" x="28.374527" y="-66.699844">
   <element name="symbol0" layername="grogomat" frame="0" z_index="5" m_a="1.000000" m_b="0.000000" m_c="0.000000" m_d="0.970736" m_tx="0.000000" m_ty="0.000000"/>
  </frame>
  <frame idx="775" w="533" h="622" x="28.374527" y="-65.950684">
   <element name="symbol0" layername="grogomat" frame="0" z_index="5" m_a="1.000000" m_b="0.000000" m_c="0.000000" m_d="0.973662" m_tx="0.000000" m_ty="0.000000"/>
  </frame>
  <frame idx="800" w="533" h="623" x="28.374527" y="-65.201508">
   <element name="symbol0" layername="grogomat" frame="0" z_index="5" m_a="1.000000" m_b="0.000000" m_c="0.000000" m_d="0.976589" m_tx="0.000000" m_ty="0.000000"/>
  </frame>
  <frame idx="825" w="533" h="623" x="28.374527" y="-64.452347">
   <element name="symbol0" layername="grogomat" frame="0" z_index="5" m_a="1.000000" m_b="0.000000" m_c="0.000000" m_d="0.979515" m_tx="0.000000" m_ty="0.000000"/>
  </frame>
  <frame idx="850" w="533" h="624" x="28.374527" y="-63.703186">
   <element name="symbol0" layername="grogomat" frame="0" z_index="5" m_a="1.000000" m_b="0.000000" m_c="0.000000" m_d="0.982441" m_tx="0.000000" m_ty="0.000000"/>
  </frame>
  <frame idx="875" w="533" h="625" x="28.374527" y="-62.954025">
   <element name="symbol0" layername="grogomat" frame="0" z_index="5" m_a="1.000000" m_b="0.000000" m_c="0.000000" m_d="0.985368" m_tx="0.000000" m_ty="0.000000"/>
  </frame>
  <frame idx="900" w="533" h="626" x="28.374527" y="-62.204849">
   <element name="symbol0" layername="grogomat" frame="0" z_index="5" m_a="1.000000" m_b="0.000000" m_c="0.000000" m_d="0.988294" m_tx="0.000000" m_ty="0.000000"/>
  </frame>
  <frame idx="925" w="533" h="626" x="28.374527" y="-61.455688">
   <element name="symbol0" layername="grogomat" frame="0" z_index="5" m_a="1.000000" m_b="0.000000" m_c="0.000000" m_d="0.991221" m_tx="0.000000" m_ty="0.000000"/>
  </frame>
  <frame idx="950" w="533" h="627" x="28.374527" y="-60.706528">
   <element name="symbol0" layername="grogomat" frame="0" z_index="5" m_a="1.000000" m_b="0.000000" m_c="0.000000" m_d="0.994147" m_tx="0.000000" m_ty="0.000000"/>
  </frame>
  <frame idx="975" w="533" h="629" x="28.374527" y="-59.957352">
   <element name="symbol0" layername="grogomat" frame="0" z_index="5" m_a="1.000000" m_b="0.000000" m_c="0.000000" m_d="0.997074" m_tx="0.000000" m_ty="0.000000"/>
  </frame>
 </anim>
 <anim name="burnt" root="grogomat" numframes="1000" framerate="40">
  <frame idx="0" w="533" h="630" x="28.374527" y="-59.208191">
   <element name="symbol0" layername="grogomat" frame="0" z_index="5" m_a="1.000000" m_b="0.000000" m_c="0.000000" m_d="1.000000" m_tx="0.000000" m_ty="0.000000"/>
  </frame>
  <frame idx="25" w="533" h="630" x="28.374527" y="-59.208191">
   <element name="symbol0" layername="grogomat" frame="0" z_index="5" m_a="1.000000" m_b="0.000000" m_c="0.000000" m_d="1.000000" m_tx="0.000000" m_ty="0.000000"/>
  </frame>
  <frame idx="50" w="533" h="630" x="28.374527" y="-59.208191">
   <element name="symbol0" layername="grogomat" frame="0" z_index="5" m_a="1.000000" m_b="0.000000" m_c="0.000000" m_d="1.000000" m_tx="0.000000" m_ty="0.000000"/>
  </frame>
  <frame idx="75" w="533" h="630" x="28.374527" y="-59.208191">
   <element name="symbol0" layername="grogomat" frame="0" z_index="5" m_a="1.000000" m_b="0.000000" m_c="0.000000" m_d="1.000000" m_tx="0.000000" m_ty="0.000000"/>
  </frame>
  <frame idx="100" w="533" h="630" x="28.374527" y="-59.208191">
   <element name="symbol0" layername="grogomat" frame="0" z_index="5" m_a="1.000000" m_b="0.000000" m_c="0.000000" m_d="1.000000" m_tx="0.000000" m_ty="0.000000"/>
  </frame>
  <frame idx="125" w="533" h="630" x="28.374527" y="-59.208191">
   <element name="symbol0" layername="grogomat" frame="0" z_index="5" m_a="1.000000" m_b="0.000000" m_c="0.000000" m_d="1.000000" m_tx="0.000000" m_ty="0.000000"/>
  </frame>
  <frame idx="150" w="533" h="630" x="28.374527" y="-59.208191">
   <element name="symbol0" layername="grogomat" frame="0" z_index="5" m_a="1.000000" m_b="0.000000" m_c="0.000000" m_d="1.000000" m_tx="0.000000" m_ty="0.000000"/>
  </frame>
  <frame idx="175" w="533" h="630" x="28.374527" y="-59.208191">
   <element name="symbol0" layername="grogomat" frame="0" z_index="5" m_a="1.000000" m_b="0.000000" m_c="0.000000" m_d="1.000000" m_tx="0.000000" m_ty="0.000000"/>
  </frame>
  <frame idx="200" w="533" h="630" x="28.374527" y="-59.208191">
   <element name="symbol0" layername="grogomat" frame="0" z_index="5" m_a="1.000000" m_b="0.000000" m_c="0.000000" m_d="1.000000" m_tx="0.000000" m_ty="0.000000"/>
  </frame>
  <frame idx="225" w="533" h="630" x="28.374527" y="-59.208191">
   <element name="symbol0" layername="grogomat" frame="0" z_index="5" m_a="1.000000" m_b="0.000000" m_c="0.000000" m_d="1.000000" m_tx="0.000000" m_ty="0.000000"/>
  </frame>
  <frame idx="250" w="533" h="630" x="28.374527" y="-59.208191">
   <element name="symbol0" layername="grogomat" frame="0" z_index="5" m_a="1.000000" m_b="0.000000" m_c="0.000000" m_d="1.000000" m_tx="0.000000" m_ty="0.000000"/>
  </frame>
  <frame idx="275" w="533" h="630" x="28.374527" y="-59.208191">
   <element name="symbol0" layername="grogomat" frame="0" z_index="5" m_a="1.000000" m_b="0.000000" m_c="0.000000" m_d="1.000000" m_tx="0.000000" m_ty="0.000000"/>
  </frame>
  <frame idx="300" w="533" h="630" x="28.374527" y="-59.208191">
   <element name="symbol0" layername="grogomat" frame="0" z_index="5" m_a="1.000000" m_b="0.000000" m_c="0.000000" m_d="1.000000" m_tx="0.000000" m_ty="0.000000"/>
  </frame>
  <frame idx="325" w="533" h="630" x="28.374527" y="-59.208191">
   <element name="symbol0" layername="grogomat" frame="0" z_index="5" m_a="1.000000" m_b="0.000000" m_c="0.000000" m_d="1.000000" m_tx="0.000000" m_ty="0.000000"/>
  </frame>
  <frame idx="350" w="533" h="630" x="28.374527" y="-59.208191">
   <element name="symbol0" layername="grogomat" frame="0" z_index="5" m_a="1.000000" m_b="0.000000" m_c="0.000000" m_d="1.000000" m_tx="0.000000" m_ty="0.000000"/>
  </frame>
  <frame idx="375" w="533" h="630" x="28.374527" y="-59.208191">
   <element name="symbol0" layername="grogomat" frame="0" z_index="5" m_a="1.000000" m_b="0.000000" m_c="0.000000" m_d="1.000000" m_tx="0.000000" m_ty="0.000000"/>
  </frame>
  <frame idx="400" w="533" h="630" x="28.374527" y="-59.208191">
   <element name="symbol0" layername="grogomat" frame="0" z_index="5" m_a="1.000000" m_b="0.000000" m_c="0.000000" m_d="1.000000" m_tx="0.000000" m_ty="0.000000"/>
  </frame>
  <frame idx="425" w="533" h="630" x="28.374527" y="-59.208191">
   <element name="symbol0" layername="grogomat" frame="0" z_index="5" m_a="1.000000" m_b="0.000000" m_c="0.000000" m_d="1.000000" m_tx="0.000000" m_ty="0.000000"/>
  </frame>
  <frame idx="450" w="533" h="630" x="28.374527" y="-59.208191">
   <element name="symbol0" layername="grogomat" frame="0" z_index="5" m_a="1.000000" m_b="0.000000" m_c="0.000000" m_d="1.000000" m_tx="0.000000" m_ty="0.000000"/>
  </frame>
  <frame idx="475" w="533" h="630" x="28.374527" y="-59.208191">
   <element name="symbol0" layername="grogomat" frame="0" z_index="5" m_a="1.000000" m_b="0.000000" m_c="0.000000" m_d="1.000000" m_tx="0.000000" m_ty="0.000000"/>
  </frame>
  <frame idx="500" w="533" h="630" x="28.374527" y="-59.208191">
   <element name="symbol0" layername="grogomat" frame="0" z_index="5" m_a="1.000000" m_b="0.000000" m_c="0.000000" m_d="1.000000" m_tx="0.000000" m_ty="0.000000"/>
  </frame>
  <frame idx="525" w="533" h="630" x="28.374527" y="-59.208191">
   <element name="symbol0" layername="grogomat" frame="0" z_index="5" m_a="1.000000" m_b="0.000000" m_c="0.000000" m_d="1.000000" m_tx="0.000000" m_ty="0.000000"/>
  </frame>
  <frame idx="550" w="533" h="630" x="28.374527" y="-59.208191">
   <element name="symbol0" layername="grogomat" frame="0" z_index="5" m_a="1.000000" m_b="0.000000" m_c="0.000000" m_d="1.000000" m_tx="0.000000" m_ty="0.000000"/>
  </frame>
  <frame idx="575" w="533" h="630" x="28.374527" y="-59.208191">
   <element name="symbol0" layername="grogomat" frame="0" z_index="5" m_a="1.000000" m_b="0.000000" m_c="0.000000" m_d="1.000000" m_tx="0.000000" m_ty="0.000000"/>
  </frame>
  <frame idx="600" w="533" h="630" x="28.374527" y="-59.208191">
   <element name="symbol0" layername="grogomat" frame="0" z_index="5" m_a="1.000000" m_b="0.000000" m_c="0.000000" m_d="1.000000" m_tx="0.000000" m_ty="0.000000"/>
  </frame>
  <frame idx="625" w="533" h="630" x="28.374527" y="-59.208191">
   <element name="symbol0" layername="grogomat" frame="0" z_index="5" m_a="1.000000" m_b="0.000000" m_c="0.000000" m_d="1.000000" m_tx="0.000000" m_ty="0.000000"/>
  </frame>
  <frame idx="650" w="533" h="630" x="28.374527" y="-59.208191">
   <element name="symbol0" layername="grogomat" frame="0" z_index="5" m_a="1.000000" m_b="0.000000" m_c="0.000000" m_d="1.000000" m_tx="0.000000" m_ty="0.000000"/>
  </frame>
  <frame idx="675" w="533" h="630" x="28.374527" y="-59.208191">
   <element name="symbol0" layername="grogomat" frame="0" z_index="5" m_a="1.000000" m_b="0.000000" m_c="0.000000" m_d="1.000000" m_tx="0.000000" m_ty="0.000000"/>
  </frame>
  <frame idx="700" w="533" h="630" x="28.374527" y="-59.208191">
   <element name="symbol0" layername="grogomat" frame="0" z_index="5" m_a="1.000000" m_b="0.000000" m_c="0.000000" m_d="1.000000" m_tx="0.000000" m_ty="0.000000"/>
  </frame>
  <frame idx="725" w="533" h="630" x="28.374527" y="-59.208191">
   <element name="symbol0" layername="grogomat" frame="0" z_index="5" m_a="1.000000" m_b="0.000000" m_c="0.000000" m_d="1.000000" m_tx="0.000000" m_ty="0.000000"/>
  </frame>
  <frame idx="750" w="533" h="630" x="28.374527" y="-59.208191">
   <element name="symbol0" layername="grogomat" frame="0" z_index="5" m_a="1.000000" m_b="0.000000" m_c="0.000000" m_d="1.000000" m_tx="0.000000" m_ty="0.000000"/>
  </frame>
  <frame idx="775" w="533" h="630" x="28.374527" y="-59.208191">
   <element name="symbol0" layername="grogomat" frame="0" z_index="5" m_a="1.000000" m_b="0.000000" m_c="0.000000" m_d="1.000000" m_tx="0.000000" m_ty="0.000000"/>
  </frame>
  <frame idx="800" w="533" h="630" x="28.374527" y="-59.208191">
   <element name="symbol0" layername="grogomat" frame="0" z_index="5" m_a="1.000000" m_b="0.000000" m_c="0.000000" m_d="1.000000" m_tx="0.000000" m_ty="0.000000"/>
  </frame>
  <frame idx="825" w="533" h="630" x="28.374527" y="-59.208191">
   <element name="symbol0" layername="grogomat" frame="0" z_index="5" m_a="1.000000" m_b="0.000000" m_c="0.000000" m_d="1.000000" m_tx="0.000000" m_ty="0.000000"/>
  </frame>
  <frame idx="850" w="533" h="630" x="28.374527" y="-59.208191">
   <element name="symbol0" layername="grogomat" frame="0" z_index="5" m_a="1.000000" m_b="0.000000" m_c="0.000000" m_d="1.000000" m_tx="0.000000" m_ty="0.000000"/>
  </frame>
  <frame idx="875" w="533" h="630" x="28.374527" y="-59.208191">
   <element name="symbol0" layername="grogomat" frame="0" z_index="5" m_a="1.000000" m_b="0.000000" m_c="0.000000" m_d="1.000000" m_tx="0.000000" m_ty="0.000000"/>
  </frame>
  <frame idx="900" w="533" h="630" x="28.374527" y="-59.208191">
   <element name="symbol0" layername="grogomat" frame="0" z_index="5" m_a="1.000000" m_b="0.000000" m_c="0.000000" m_d="1.000000" m_tx="0.000000" m_ty="0.000000"/>
  </frame>
  <frame idx="925" w="533" h="630" x="28.374527" y="-59.208191">
   <element name="symbol0" layername="grogomat" frame="0" z_index="5" m_a="1.000000" m_b="0.000000" m_c="0.000000" m_d="1.000000" m_tx="0.000000" m_ty="0.000000"/>
  </frame>
  <frame idx="950" w="533" h="630" x="28.374527" y="-59.208191">
   <element name="symbol0" layername="grogomat" frame="0" z_index="5" m_a="1.000000" m_b="0.000000" m_c="0.000000" m_d="1.000000" m_tx="0.000000" m_ty="0.000000"/>
  </frame>
  <frame idx="975" w="533" h="630" x="28.374527" y="-59.208191">
   <element name="symbol0" layername="grogomat" frame="0" z_index="5" m_a="1.000000" m_b="0.000000" m_c="0.000000" m_d="1.000000" m_tx="0.000000" m_ty="0.000000"/>
  </frame>
 </anim>
 <anim name="place" root="grogomat" numframes="1000" framerate="40">
  <frame idx="0" w="533" h="630" x="28.374527" y="-59.208191">
   <element name="symbol0" layername="grogomat" frame="0" z_index="5" m_a="1.000000" m_b="0.000000" m_c="0.000000" m_d="1.000000" m_tx="0.000000" m_ty="0.000000"/>
  </frame>
  <frame idx="25" w="533" h="630" x="28.374527" y="-59.208191">
   <element name="symbol0" layername="grogomat" frame="0" z_index="5" m_a="1.000000" m_b="0.000000" m_c="0.000000" m_d="1.000000" m_tx="0.000000" m_ty="0.000000"/>
  </frame>
  <frame idx="50" w="533" h="630" x="28.374527" y="-59.208191">
   <element name="symbol0" layername="grogomat" frame="0" z_index="5" m_a="1.000000" m_b="0.000000" m_c="0.000000" m_d="1.000000" m_tx="0.000000" m_ty="0.000000"/>
  </frame>
  <frame idx="75" w="533" h="630" x="28.374527" y="-59.208191">
   <element name="symbol0" layername="grogomat" frame="0" z_index="5" m_a="1.000000" m_b="0.000000" m_c="0.000000" m_d="1.000000" m_tx="0.000000" m_ty="0.000000"/>
  </frame>
  <frame idx="100" w="533" h="630" x="28.374527" y="-59.208191">
   <element name="symbol0" layername="grogomat" frame="0" z_index="5" m_a="1.000000" m_b="0.000000" m_c="0.000000" m_d="1.000000" m_tx="0.000000" m_ty="0.000000"/>
  </frame>
  <frame idx="125" w="533" h="630" x="28.374527" y="-59.208191">
   <element name="symbol0" layername="grogomat" frame="0" z_index="5" m_a="1.000000" m_b="0.000000" m_c="0.000000" m_d="1.000000" m_tx="0.000000" m_ty="0.000000"/>
  </frame>
  <frame idx="150" w="533" h="630" x="28.374527" y="-59.208191">
   <element name="symbol0" layername="grogomat" frame="0" z_index="5" m_a="1.000000" m_b="0.000000" m_c="0.000000" m_d="1.000000" m_tx="0.000000" m_ty="0.000000"/>
  </frame>
  <frame idx="175" w="533" h="630" x="28.374527" y="-59.208191">
   <element name="symbol0" layername="grogomat" frame="0" z_index="5" m_a="1.000000" m_b="0.000000" m_c="0.000000" m_d="1.000000" m_tx="0.000000" m_ty="0.000000"/>
  </frame>
  <frame idx="200" w="533" h="630" x="28.374527" y="-59.208191">
   <element name="symbol0" layername="grogomat" frame="0" z_index="5" m_a="1.000000" m_b="0.000000" m_c="0.000000" m_d="1.000000" m_tx="0.000000" m_ty="0.000000"/>
  </frame>
  <frame idx="225" w="533" h="630" x="28.374527" y="-59.208191">
   <element name="symbol0" layername="grogomat" frame="0" z_index="5" m_a="1.000000" m_b="0.000000" m_c="0.000000" m_d="1.000000" m_tx="0.000000" m_ty="0.000000"/>
  </frame>
  <frame idx="250" w="533" h="630" x="28.374527" y="-59.208191">
   <element name="symbol0" layername="grogomat" frame="0" z_index="5" m_a="1.000000" m_b="0.000000" m_c="0.000000" m_d="1.000000" m_tx="0.000000" m_ty="0.000000"/>
  </frame>
  <frame idx="275" w="533" h="630" x="28.374527" y="-59.208191">
   <element name="symbol0" layername="grogomat" frame="0" z_index="5" m_a="1.000000" m_b="0.000000" m_c="0.000000" m_d="1.000000" m_tx="0.000000" m_ty="0.000000"/>
  </frame>
  <frame idx="300" w="533" h="630" x="28.374527" y="-59.208191">
   <element name="symbol0" layername="grogomat" frame="0" z_index="5" m_a="1.000000" m_b="0.000000" m_c="0.000000" m_d="1.000000" m_tx="0.000000" m_ty="0.000000"/>
  </frame>
  <frame idx="325" w="533" h="630" x="28.374527" y="-59.208191">
   <element name="symbol0" layername="grogomat" frame="0" z_index="5" m_a="1.000000" m_b="0.000000" m_c="0.000000" m_d="1.000000" m_tx="0.000000" m_ty="0.000000"/>
  </frame>
  <frame idx="350" w="533" h="630" x="28.374527" y="-59.208191">
   <element name="symbol0" layername="grogomat" frame="0" z_index="5" m_a="1.000000" m_b="0.000000" m_c="0.000000" m_d="1.000000" m_tx="0.000000" m_ty="0.000000"/>
  </frame>
  <frame idx="375" w="533" h="630" x="28.374527" y="-59.208191">
   <element name="symbol0" layername="grogomat" frame="0" z_index="5" m_a="1.000000" m_b="0.000000" m_c="0.000000" m_d="1.000000" m_tx="0.000000" m_ty="0.000000"/>
  </frame>
  <frame idx="400" w="533" h="630" x="28.374527" y="-59.208191">
   <element name="symbol0" layername="grogomat" frame="0" z_index="5" m_a="1.000000" m_b="0.000000" m_c="0.000000" m_d="1.000000" m_tx="0.000000" m_ty="0.000000"/>
  </frame>
  <frame idx="425" w="533" h="630" x="28.374527" y="-59.208191">
   <element name="symbol0" layername="grogomat" frame="0" z_index="5" m_a="1.000000" m_b="0.000000" m_c="0.000000" m_d="1.000000" m_tx="0.000000" m_ty="0.000000"/>
  </frame>
  <frame idx="450" w="533" h="630" x="28.374527" y="-59.208191">
   <element name="symbol0" layername="grogomat" frame="0" z_index="5" m_a="1.000000" m_b="0.000000" m_c="0.000000" m_d="1.000000" m_tx="0.000000" m_ty="0.000000"/>
  </frame>
  <frame idx="475" w="533" h="630" x="28.374527" y="-59.208191">
   <element name="symbol0" layername="grogomat" frame="0" z_index="5" m_a="1.000000" m_b="0.000000" m_c="0.000000" m_d="1.000000" m_tx="0.000000" m_ty="0.000000"/>
  </frame>
  <frame idx="500" w="533" h="630" x="28.374527" y="-59.208191">
   <element name="symbol0" layername="grogomat" frame="0" z_index="5" m_a="1.000000" m_b="0.000000" m_c="0.000000" m_d="1.000000" m_tx="0.000000" m_ty="0.000000"/>
  </frame>
  <frame idx="525" w="533" h="630" x="28.374527" y="-59.208191">
   <element name="symbol0" layername="grogomat" frame="0" z_index="5" m_a="1.000000" m_b="0.000000" m_c="0.000000" m_d="1.000000" m_tx="0.000000" m_ty="0.000000"/>
  </frame>
  <frame idx="550" w="533" h="630" x="28.374527" y="-59.208191">
   <element name="symbol0" layername="grogomat" frame="0" z_index="5" m_a="1.000000" m_b="0.000000" m_c="0.000000" m_d="1.000000" m_tx="0.000000" m_ty="0.000000"/>
  </frame>
  <frame idx="575" w="533" h="630" x="28.374527" y="-59.208191">
   <element name="symbol0" layername="grogomat" frame="0" z_index="5" m_a="1.000000" m_b="0.000000" m_c="0.000000" m_d="1.000000" m_tx="0.000000" m_ty="0.000000"/>
  </frame>
  <frame idx="600" w="533" h="630" x="28.374527" y="-59.208191">
   <element name="symbol0" layername="grogomat" frame="0" z_index="5" m_a="1.000000" m_b="0.000000" m_c="0.000000" m_d="1.000000" m_tx="0.000000" m_ty="0.000000"/>
  </frame>
  <frame idx="625" w="533" h="630" x="28.374527" y="-59.208191">
   <element name="symbol0" layername="grogomat" frame="0" z_index="5" m_a="1.000000" m_b="0.000000" m_c="0.000000" m_d="1.000000" m_tx="0.000000" m_ty="0.000000"/>
  </frame>
  <frame idx="650" w="533" h="630" x="28.374527" y="-59.208191">
   <element name="symbol0" layername="grogomat" frame="0" z_index="5" m_a="1.000000" m_b="0.000000" m_c="0.000000" m_d="1.000000" m_tx="0.000000" m_ty="0.000000"/>
  </frame>
  <frame idx="675" w="533" h="630" x="28.374527" y="-59.208191">
   <element name="symbol0" layername="grogomat" frame="0" z_index="5" m_a="1.000000" m_b="0.000000" m_c="0.000000" m_d="1.000000" m_tx="0.000000" m_ty="0.000000"/>
  </frame>
  <frame idx="700" w="533" h="630" x="28.374527" y="-59.208191">
   <element name="symbol0" layername="grogomat" frame="0" z_index="5" m_a="1.000000" m_b="0.000000" m_c="0.000000" m_d="1.000000" m_tx="0.000000" m_ty="0.000000"/>
  </frame>
  <frame idx="725" w="533" h="630" x="28.374527" y="-59.208191">
   <element name="symbol0" layername="grogomat" frame="0" z_index="5" m_a="1.000000" m_b="0.000000" m_c="0.000000" m_d="1.000000" m_tx="0.000000" m_ty="0.000000"/>
  </frame>
  <frame idx="750" w="533" h="630" x="28.374527" y="-59.208191">
   <element name="symbol0" layername="grogomat" frame="0" z_index="5" m_a="1.000000" m_b="0.000000" m_c="0.000000" m_d="1.000000" m_tx="0.000000" m_ty="0.000000"/>
  </frame>
  <frame idx="775" w="533" h="630" x="28.374527" y="-59.208191">
   <element name="symbol0" layername="grogomat" frame="0" z_index="5" m_a="1.000000" m_b="0.000000" m_c="0.000000" m_d="1.000000" m_tx="0.000000" m_ty="0.000000"/>
  </frame>
  <frame idx="800" w="533" h="630" x="28.374527" y="-59.208191">
   <element name="symbol0" layername="grogomat" frame="0" z_index="5" m_a="1.000000" m_b="0.000000" m_c="0.000000" m_d="1.000000" m_tx="0.000000" m_ty="0.000000"/>
  </frame>
  <frame idx="825" w="533" h="630" x="28.374527" y="-59.208191">
   <element name="symbol0" layername="grogomat" frame="0" z_index="5" m_a="1.000000" m_b="0.000000" m_c="0.000000" m_d="1.000000" m_tx="0.000000" m_ty="0.000000"/>
  </frame>
  <frame idx="850" w="533" h="630" x="28.374527" y="-59.208191">
   <element name="symbol0" layername="grogomat" frame="0" z_index="5" m_a="1.000000" m_b="0.000000" m_c="0.000000" m_d="1.000000" m_tx="0.000000" m_ty="0.000000"/>
  </frame>
  <frame idx="875" w="533" h="630" x="28.374527" y="-59.208191">
   <element name="symbol0" layername="grogomat" frame="0" z_index="5" m_a="1.000000" m_b="0.000000" m_c="0.000000" m_d="1.000000" m_tx="0.000000" m_ty="0.000000"/>
  </frame>
  <frame idx="900" w="533" h="630" x="28.374527" y="-59.208191">
   <element name="symbol0" layername="grogomat" frame="0" z_index="5" m_a="1.000000" m_b="0.000000" m_c="0.000000" m_d="1.000000" m_tx="0.000000" m_ty="0.000000"/>
  </frame>
  <frame idx="925" w="533" h="630" x="28.374527" y="-59.208191">
   <element name="symbol0" layername="grogomat" frame="0" z_index="5" m_a="1.000000" m_b="0.000000" m_c="0.000000" m_d="1.000000" m_tx="0.000000" m_ty="0.000000"/>
  </frame>
  <frame idx="950" w="533" h="630" x="28.374527" y="-59.208191">
   <element name="symbol0" layername="grogomat" frame="0" z_index="5" m_a="1.000000" m_b="0.000000" m_c="0.000000" m_d="1.000000" m_tx="0.000000" m_ty="0.000000"/>
  </frame>
  <frame idx="975" w="533" h="630" x="28.374527" y="-59.208191">
   <element name="symbol0" layername="grogomat" frame="0" z_index="5" m_a="1.000000" m_b="0.000000" m_c="0.000000" m_d="1.000000" m_tx="0.000000" m_ty="0.000000"/>
  </frame>
 </anim>
 <anim name="hammered" root="grogomat" numframes="1000" framerate="40">
  <frame idx="0" w="536" h="640" x="31.584183" y="-62.458588">
   <element name="symbol0" layername="grogomat" frame="0" z_index="5" m_a="0.999920" m_b="-0.012617" m_c="0.012617" m_d="0.999920" m_tx="0.000000" m_ty="0.000000"/>
  </frame>
  <frame idx="25" w="536" h="640" x="31.314774" y="-62.182648">
   <element name="symbol0" layername="grogomat" frame="0" z_index="5" m_a="0.999933" m_b="-0.011552" m_c="0.011552" m_d="0.999933" m_tx="0.000000" m_ty="0.000000"/>
  </frame>
  <frame idx="50" w="536" h="638" x="31.045120" y="-61.906952">
   <element name="symbol0" layername="grogomat" frame="0" z_index="5" m_a="0.999945" m_b="-0.010487" m_c="0.010487" m_d="0.999945" m_tx="0.000000" m_ty="0.000000"/>
  </frame>
  <frame idx="75" w="536" h="637" x="30.775162" y="-61.631531">
   <element name="symbol0" layername="grogomat" frame="0" z_index="5" m_a="0.999956" m_b="-0.009422" m_c="0.009422" m_d="0.999956" m_tx="0.000000" m_ty="0.000000"/>
  </frame>
  <frame idx="100" w="535" h="636" x="30.504898" y="-61.356445">
   <element name="symbol0" layername="grogomat" frame="0" z_index="5" m_a="0.999965" m_b="-0.008357" m_c="0.008357" m_d="0.999965" m_tx="0.000000" m_ty="0.000000"/>
  </frame>
  <frame idx="125" w="535" h="635" x="30.234329" y="-61.081635">
   <element name="symbol0" layername="grogomat" frame="0" z_index="5" m_a="0.999973" m_b="-0.007291" m_c="0.007291" m_d="0.999973" m_tx="0.000000" m_ty="0.000000"/>
  </frame>
  <frame idx="150" w="535" h="634" x="29.963516" y="-60.807068">
   <element name="symbol0" layername="grogomat" frame="0" z_index="5" m_a="0.999981" m_b="-0.006226" m_c="0.006226" m_d="0.999981" m_tx="0.000000" m_ty="0.000000"/>
  </frame>
  <frame idx="175" w="534" h="634" x="29.692368" y="-60.532837">
   <element name="symbol0" layername="grogomat" frame="0" z_index="5" m_a="0.999987" m_b="-0.005161" m_c="0.005161" m_d="0.999987" m_tx="0.000000" m_ty="0.000000"/>
  </frame>
  <frame idx="200" w="534" h="633" x="29.420944" y="-60.258911">
   <element name="symbol0" layername="grogomat" frame="0" z_index="5" m_a="0.999992" m_b="-0.004096" m_c="0.004096" m_d="0.999992" m_tx="0.000000" m_ty="0.000000"/>
  </frame>
  <frame idx="225" w="534" h="632" x="29.149216" y="-59.985229">
   <element name="symbol0" layername="grogomat" frame="0" z_index="5" m_a="0.999995" m_b="-0.003031" m_c="0.003031" m_d="0.999995" m_tx="0.000000" m_ty="0.000000"/>
  </frame>
  <frame idx="250" w="534" h="631" x="28.877182" y="-59.711823">
   <element name="symbol0" layername="grogomat" frame="0" z_index="5" m_a="0.999998" m_b="-0.001965" m_c="0.001965" m_d="0.999998" m_tx="0.000000" m_ty="0.000000"/>
  </frame>
  <frame idx="275" w="533" h="630" x="28.604904" y="-59.438782">
   <element name="symbol0" layername="grogomat" frame="0" z_index="5" m_a="1.000000" m_b="-0.000900" m_c="0.000900" m_d="1.000000" m_tx="0.000000" m_ty="0.000000"/>
  </frame>
  <frame idx="300" w="533" h="630" x="28.332291" y="-59.165955">
   <element name="symbol0" layername="grogomat" frame="0" z_index="5" m_a="1.000000" m_b="0.000165" m_c="-0.000165" m_d="1.000000" m_tx="0.000000" m_ty="0.000000"/>
  </frame>
  <frame idx="325" w="534" h="630" x="28.059418" y="-58.893494">
   <element name="symbol0" layername="grogomat" frame="0" z_index="5" m_a="0.999999" m_b="0.001230" m_c="-0.001230" m_d="0.999999" m_tx="0.000000" m_ty="0.000000"/>
  </frame>
  <frame idx="350" w="535" h="630" x="27.786240" y="-58.621246">
   <element name="symbol0" layername="grogomat" frame="0" z_index="5" m_a="0.999997" m_b="0.002295" m_c="-0.002295" m_d="0.999997" m_tx="0.000000" m_ty="0.000000"/>
  </frame>
  <frame idx="375" w="536" h="631" x="27.512772" y="-58.349335">
   <element name="symbol0" layername="grogomat" frame="0" z_index="5" m_a="0.999994" m_b="0.003361" m_c="-0.003361" m_d="0.999994" m_tx="0.000000" m_ty="0.000000"/>
  </frame>
  <frame idx="400" w="537" h="631" x="27.239029" y="-58.077698">
   <element name="symbol0" layername="grogomat" frame="0" z_index="5" m_a="0.999990" m_b="0.004426" m_c="-0.004426" m_d="0.999990" m_tx="0.000000" m_ty="0.000000"/>
  </frame>
  <frame idx="425" w="537" h="631" x="26.964996" y="-57.806366">
   <element name="symbol0" layername="grogomat" frame="0" z_index="5" m_a="0.999985" m_b="0.005491" m_c="-0.005491" m_d="0.999985" m_tx="0.000000" m_ty="0.000000"/>
  </frame>
  <frame idx="450" w="538" h="631" x="26.690643" y="-57.535339">
   <element name="symbol0" layername="grogomat" frame="0" z_index="5" m_a="0.999978" m_b="0.006556" m_c="-0.006556" m_d="0.999978" m_tx="0.000000" m_ty="0.000000"/>
  </frame>
  <frame idx="475" w="539" h="632" x="26.416031" y="-57.264557">
   <element name="symbol0" layername="grogomat" frame="0" z_index="5" m_a="0.999971" m_b="0.007621" m_c="-0.007621" m_d="0.999971" m_tx="0.000000" m_ty="0.000000"/>
  </frame>
  <frame idx="500" w="541" h="632" x="26.141129" y="-56.994080">
   <element name="symbol0" layername="grogomat" frame="0" z_index="5" m_a="0.999962" m_b="0.008687" m_c="-0.008687" m_d="0.999962" m_tx="0.000000" m_ty="0.000000"/>
  </frame>
  <frame idx="525" w="542" h="632" x="25.865906" y="-56.723938">
   <element name="symbol0" layername="grogomat" frame="0" z_index="5" m_a="0.999952" m_b="0.009752" m_c="-0.009752" m_d="0.999952" m_tx="0.000000" m_ty="0.000000"/>
  </frame>
  <frame idx="550" w="542" h="632" x="25.590408" y="-56.454041">
   <element name="symbol0" layername="grogomat" frame="0" z_index="5" m_a="0.999941" m_b="0.010817" m_c="-0.010817" m_d="0.999941" m_tx="0.000000" m_ty="0.000000"/>
  </frame>
  <frame idx="575" w="543" h="633" x="25.314651" y="-56.184448">
   <element name="symbol0" layername="grogomat" frame="0" z_index="5" m_a="0.999929" m_b="0.011882" m_c="-0.011882" m_d="0.999929" m_tx="0.000000" m_ty="0.000000"/>
  </frame>
  <frame idx="600" w="544" h="633" x="25.038589" y="-55.915161">
   <element name="symbol0" layername="grogomat" frame="0" z_index="5" m_a="0.999916" m_b="0.012947" m_c="-0.012947" m_d="0.999916" m_tx="0.000000" m_ty="0.000000"/>
  </frame>
  <frame idx="625" w="545" h="633" x="24.762268" y="-55.646179">
   <element name="symbol0" layername="grogomat" frame="0" z_index="5" m_a="0.999902" m_b="0.014012" m_c="-0.014012" m_d="0.999902" m_tx="0.000000" m_ty="0.000000"/>
  </frame>
  <frame idx="650" w="546" h="634" x="24.485641" y="-55.377502">
   <element name="symbol0" layername="grogomat" frame="0" z_index="5" m_a="0.999886" m_b="0.015077" m_c="-0.015077" m_d="0.999886" m_tx="0.000000" m_ty="0.000000"/>
  </frame>
  <frame idx="675" w="546" h="634" x="24.208710" y="-55.109070">
   <element name="symbol0" layername="grogomat" frame="0" z_index="5" m_a="0.999870" m_b="0.016142" m_c="-0.016142" m_d="0.999870" m_tx="0.000000" m_ty="0.000000"/>
  </frame>
  <frame idx="700" w="547" h="634" x="23.931503" y="-54.840973">
   <element name="symbol0" layername="grogomat" frame="0" z_index="5" m_a="0.999852" m_b="0.017208" m_c="-0.017208" m_d="0.999852" m_tx="0.000000" m_ty="0.000000"/>
  </frame>
  <frame idx="725" w="548" h="634" x="23.654022" y="-54.573151">
   <element name="symbol0" layername="grogomat" frame="0" z_index="5" m_a="0.999833" m_b="0.018273" m_c="-0.018273" m_d="0.999833" m_tx="0.000000" m_ty="0.000000"/>
  </frame>
  <frame idx="750" w="549" h="635" x="23.376236" y="-54.305634">
   <element name="symbol0" layername="grogomat" frame="0" z_index="5" m_a="0.999813" m_b="0.019338" m_c="-0.019338" m_d="0.999813" m_tx="0.000000" m_ty="0.000000"/>
  </frame>
  <frame idx="775" w="550" h="635" x="23.098175" y="-54.038391">
   <element name="symbol0" layername="grogomat" frame="0" z_index="5" m_a="0.999792" m_b="0.020403" m_c="-0.020403" m_d="0.999792" m_tx="0.000000" m_ty="0.000000"/>
  </frame>
  <frame idx="800" w="552" h="635" x="22.819839" y="-53.771484">
   <element name="symbol0" layername="grogomat" frame="0" z_index="5" m_a="0.999770" m_b="0.021468" m_c="-0.021468" m_d="0.999770" m_tx="0.000000" m_ty="0.000000"/>
  </frame>
  <frame idx="825" w="552" h="635" x="22.541183" y="-53.504883">
   <element name="symbol0" layername="grogomat" frame="0" z_index="5" m_a="0.999746" m_b="0.022533" m_c="-0.022533" m_d="0.999746" m_tx="0.000000" m_ty="0.000000"/>
  </frame>
  <frame idx="850" w="553" h="636" x="22.262299" y="-53.238525">
   <element name="symbol0" layername="grogomat" frame="0" z_index="5" m_a="0.999722" m_b="0.023597" m_c="-0.023597" m_d="0.999722" m_tx="0.000000" m_ty="0.000000"/>
  </frame>
  <frame idx="875" w="554" h="636" x="21.983124" y="-52.972473">
   <element name="symbol0" layername="grogomat" frame="0" z_index="5" m_a="0.999696" m_b="0.024662" m_c="-0.024662" m_d="0.999696" m_tx="0.000000" m_ty="0.000000"/>
  </frame>
  <frame idx="900" w="555" h="636" x="21.703644" y="-52.706757">
   <element name="symbol0" layername="grogomat" frame="0" z_index="5" m_a="0.999669" m_b="0.025727" m_c="-0.025727" m_d="0.999669" m_tx="0.000000" m_ty="0.000000"/>
  </frame>
  <frame idx="925" w="556" h="636" x="21.423859" y="-52.441315">
   <element name="symbol0" layername="grogomat" frame="0" z_index="5" m_a="0.999641" m_b="0.026792" m_c="-0.026792" m_d="0.999641" m_tx="0.000000" m_ty="0.000000"/>
  </frame>
  <frame idx="950" w="556" h="637" x="21.143814" y="-52.176178">
   <element name="symbol0" layername="grogomat" frame="0" z_index="5" m_a="0.999612" m_b="0.027857" m_c="-0.027857" m_d="0.999612" m_tx="0.000000" m_ty="0.000000"/>
  </frame>
  <frame idx="975" w="557" h="637" x="20.863480" y="-51.911316">
   <element name="symbol0" layername="grogomat" frame="0" z_index="5" m_a="0.999582" m_b="0.028922" m_c="-0.028922" m_d="0.999582" m_tx="0.000000" m_ty="0.000000"/>
  </frame>
 </anim>
</Anims>
