<Anims>
 <anim name="BUILD_PLAYER" root="swap_monkeycompass" numframes="50" framerate="40">
  <frame idx="0" w="929" h="623" x="-9.761658" y="-178.125732">
   <element name="wilson" layername="wilson" frame="0" z_index="6" m_a="1.000000" m_b="0.000000" m_c="0.000000" m_d="1.000000" m_tx="-426.107391" m_ty="-364.442963"/>
   <element name="wilson" layername="wilson" frame="1" z_index="7" m_a="1.000000" m_b="0.000000" m_c="0.000000" m_d="1.000000" m_tx="-426.770721" m_ty="-365.185242"/>
   <element name="wilson" layername="wilson-3" frame="2" z_index="4" m_a="1.000000" m_b="0.000000" m_c="0.000000" m_d="1.000000" m_tx="-146.486023" m_ty="-371.625702"/>
   <element name="wilson" layername="wilson-2" frame="3" z_index="5" m_a="1.000000" m_b="0.000000" m_c="0.000000" m_d="1.000000" m_tx="-147.044693" m_ty="-371.625702"/>
   <element name="wilson" layername="wilson-4" frame="4" z_index="3" m_a="1.000000" m_b="0.000000" m_c="0.000000" m_d="1.000000" m_tx="169.247437" m_ty="-367.942566"/>
   <element name="swap_monkeycompass" layername="swap_monkeycompass-5" frame="0" z_index="9" m_a="1.000000" m_b="0.000000" m_c="0.000000" m_d="1.000000" m_tx="94.415176" m_ty="-107.994446"/>
   <element name="swap_monkeycompass" layername="swap_monkeycompass-6" frame="1" z_index="8" m_a="1.000000" m_b="0.000000" m_c="0.000000" m_d="1.000000" m_tx="97.391304" m_ty="-107.983696"/>
  </frame>
  <frame idx="25" w="929" h="623" x="-9.761658" y="-178.125732">
   <element name="wilson" layername="wilson" frame="0" z_index="6" m_a="1.000000" m_b="0.000000" m_c="0.000000" m_d="1.000000" m_tx="-426.107391" m_ty="-364.442963"/>
   <element name="wilson" layername="wilson" frame="1" z_index="7" m_a="1.000000" m_b="0.000000" m_c="0.000000" m_d="1.000000" m_tx="-426.770721" m_ty="-365.185242"/>
   <element name="wilson" layername="wilson-3" frame="2" z_index="4" m_a="1.000000" m_b="0.000000" m_c="0.000000" m_d="1.000000" m_tx="-146.486023" m_ty="-371.625702"/>
   <element name="wilson" layername="wilson-2" frame="3" z_index="5" m_a="1.000000" m_b="0.000000" m_c="0.000000" m_d="1.000000" m_tx="-147.044693" m_ty="-371.625702"/>
   <element name="wilson" layername="wilson-4" frame="4" z_index="3" m_a="1.000000" m_b="0.000000" m_c="0.000000" m_d="1.000000" m_tx="169.247437" m_ty="-367.942566"/>
   <element name="swap_monkeycompass" layername="swap_monkeycompass-5" frame="0" z_index="9" m_a="1.000000" m_b="0.000000" m_c="0.000000" m_d="1.000000" m_tx="94.415176" m_ty="-107.994446"/>
   <element name="swap_monkeycompass" layername="swap_monkeycompass-6" frame="1" z_index="8" m_a="1.000000" m_b="0.000000" m_c="0.000000" m_d="1.000000" m_tx="97.391304" m_ty="-107.983696"/>
  </frame>
 </anim>
 <anim name="idle" root="swap_monkeycompass" numframes="1000" framerate="40">
  <frame idx="0" w="77" h="99" x="44.608658" y="1.483665">
   <element name="swap_monkeycompass" layername="swap_monkeycompass-5" frame="0" z_index="9" m_a="1.000000" m_b="0.000000" m_c="0.000000" m_d="1.000000" m_tx="0.000000" m_ty="0.000000"/>
   <element name="swap_monkeycompass" layername="swap_monkeycompass-6" frame="1" z_index="8" m_a="1.000000" m_b="0.000000" m_c="0.000000" m_d="1.000000" m_tx="0.000000" m_ty="0.000000"/>
  </frame>
  <frame idx="25" w="77" h="99" x="44.608658" y="1.483665">
   <element name="swap_monkeycompass" layername="swap_monkeycompass-5" frame="0" z_index="9" m_a="1.000000" m_b="0.000000" m_c="0.000000" m_d="1.000000" m_tx="0.000000" m_ty="0.000000"/>
   <element name="swap_monkeycompass" layername="swap_monkeycompass-6" frame="1" z_index="8" m_a="1.000000" m_b="0.000000" m_c="0.000000" m_d="1.000000" m_tx="0.000000" m_ty="0.000000"/>
  </frame>
  <frame idx="50" w="77" h="99" x="44.608658" y="1.483665">
   <element name="swap_monkeycompass" layername="swap_monkeycompass-5" frame="0" z_index="9" m_a="1.000000" m_b="0.000000" m_c="0.000000" m_d="1.000000" m_tx="0.000000" m_ty="0.000000"/>
   <element name="swap_monkeycompass" layername="swap_monkeycompass-6" frame="1" z_index="8" m_a="1.000000" m_b="0.000000" m_c="0.000000" m_d="1.000000" m_tx="0.000000" m_ty="0.000000"/>
  </frame>
  <frame idx="75" w="77" h="99" x="44.608658" y="1.483665">
   <element name="swap_monkeycompass" layername="swap_monkeycompass-5" frame="0" z_index="9" m_a="1.000000" m_b="0.000000" m_c="0.000000" m_d="1.000000" m_tx="0.000000" m_ty="0.000000"/>
   <element name="swap_monkeycompass" layername="swap_monkeycompass-6" frame="1" z_index="8" m_a="1.000000" m_b="0.000000" m_c="0.000000" m_d="1.000000" m_tx="0.000000" m_ty="0.000000"/>
  </frame>
  <frame idx="100" w="77" h="99" x="44.608658" y="1.483665">
   <element name="swap_monkeycompass" layername="swap_monkeycompass-5" frame="0" z_index="9" m_a="1.000000" m_b="0.000000" m_c="0.000000" m_d="1.000000" m_tx="0.000000" m_ty="0.000000"/>
   <element name="swap_monkeycompass" layername="swap_monkeycompass-6" frame="1" z_index="8" m_a="1.000000" m_b="0.000000" m_c="0.000000" m_d="1.000000" m_tx="0.000000" m_ty="0.000000"/>
  </frame>
  <frame idx="125" w="77" h="99" x="44.608658" y="1.483665">
   <element name="swap_monkeycompass" layername="swap_monkeycompass-5" frame="0" z_index="9" m_a="1.000000" m_b="0.000000" m_c="0.000000" m_d="1.000000" m_tx="0.000000" m_ty="0.000000"/>
   <element name="swap_monkeycompass" layername="swap_monkeycompass-6" frame="1" z_index="8" m_a="1.000000" m_b="0.000000" m_c="0.000000" m_d="1.000000" m_tx="0.000000" m_ty="0.000000"/>
  </frame>
  <frame idx="150" w="77" h="99" x="44.608658" y="1.483665">
   <element name="swap_monkeycompass" layername="swap_monkeycompass-5" frame="0" z_index="9" m_a="1.000000" m_b="0.000000" m_c="0.000000" m_d="1.000000" m_tx="0.000000" m_ty="0.000000"/>
   <element name="swap_monkeycompass" layername="swap_monkeycompass-6" frame="1" z_index="8" m_a="1.000000" m_b="0.000000" m_c="0.000000" m_d="1.000000" m_tx="0.000000" m_ty="0.000000"/>
  </frame>
  <frame idx="175" w="77" h="99" x="44.608658" y="1.483665">
   <element name="swap_monkeycompass" layername="swap_monkeycompass-5" frame="0" z_index="9" m_a="1.000000" m_b="0.000000" m_c="0.000000" m_d="1.000000" m_tx="0.000000" m_ty="0.000000"/>
   <element name="swap_monkeycompass" layername="swap_monkeycompass-6" frame="1" z_index="8" m_a="1.000000" m_b="0.000000" m_c="0.000000" m_d="1.000000" m_tx="0.000000" m_ty="0.000000"/>
  </frame>
  <frame idx="200" w="77" h="99" x="44.608658" y="1.483665">
   <element name="swap_monkeycompass" layername="swap_monkeycompass-5" frame="0" z_index="9" m_a="1.000000" m_b="0.000000" m_c="0.000000" m_d="1.000000" m_tx="0.000000" m_ty="0.000000"/>
   <element name="swap_monkeycompass" layername="swap_monkeycompass-6" frame="1" z_index="8" m_a="1.000000" m_b="0.000000" m_c="0.000000" m_d="1.000000" m_tx="0.000000" m_ty="0.000000"/>
  </frame>
  <frame idx="225" w="77" h="99" x="44.608658" y="1.483665">
   <element name="swap_monkeycompass" layername="swap_monkeycompass-5" frame="0" z_index="9" m_a="1.000000" m_b="0.000000" m_c="0.000000" m_d="1.000000" m_tx="0.000000" m_ty="0.000000"/>
   <element name="swap_monkeycompass" layername="swap_monkeycompass-6" frame="1" z_index="8" m_a="1.000000" m_b="0.000000" m_c="0.000000" m_d="1.000000" m_tx="0.000000" m_ty="0.000000"/>
  </frame>
  <frame idx="250" w="77" h="99" x="44.608658" y="1.483665">
   <element name="swap_monkeycompass" layername="swap_monkeycompass-5" frame="0" z_index="9" m_a="1.000000" m_b="0.000000" m_c="0.000000" m_d="1.000000" m_tx="0.000000" m_ty="0.000000"/>
   <element name="swap_monkeycompass" layername="swap_monkeycompass-6" frame="1" z_index="8" m_a="1.000000" m_b="0.000000" m_c="0.000000" m_d="1.000000" m_tx="0.000000" m_ty="0.000000"/>
  </frame>
  <frame idx="275" w="77" h="99" x="44.608658" y="1.483665">
   <element name="swap_monkeycompass" layername="swap_monkeycompass-5" frame="0" z_index="9" m_a="1.000000" m_b="0.000000" m_c="0.000000" m_d="1.000000" m_tx="0.000000" m_ty="0.000000"/>
   <element name="swap_monkeycompass" layername="swap_monkeycompass-6" frame="1" z_index="8" m_a="1.000000" m_b="0.000000" m_c="0.000000" m_d="1.000000" m_tx="0.000000" m_ty="0.000000"/>
  </frame>
  <frame idx="300" w="77" h="99" x="44.608658" y="1.483665">
   <element name="swap_monkeycompass" layername="swap_monkeycompass-5" frame="0" z_index="9" m_a="1.000000" m_b="0.000000" m_c="0.000000" m_d="1.000000" m_tx="0.000000" m_ty="0.000000"/>
   <element name="swap_monkeycompass" layername="swap_monkeycompass-6" frame="1" z_index="8" m_a="1.000000" m_b="0.000000" m_c="0.000000" m_d="1.000000" m_tx="0.000000" m_ty="0.000000"/>
  </frame>
  <frame idx="325" w="77" h="99" x="44.608658" y="1.483665">
   <element name="swap_monkeycompass" layername="swap_monkeycompass-5" frame="0" z_index="9" m_a="1.000000" m_b="0.000000" m_c="0.000000" m_d="1.000000" m_tx="0.000000" m_ty="0.000000"/>
   <element name="swap_monkeycompass" layername="swap_monkeycompass-6" frame="1" z_index="8" m_a="1.000000" m_b="0.000000" m_c="0.000000" m_d="1.000000" m_tx="0.000000" m_ty="0.000000"/>
  </frame>
  <frame idx="350" w="77" h="99" x="44.608658" y="1.483665">
   <element name="swap_monkeycompass" layername="swap_monkeycompass-5" frame="0" z_index="9" m_a="1.000000" m_b="0.000000" m_c="0.000000" m_d="1.000000" m_tx="0.000000" m_ty="0.000000"/>
   <element name="swap_monkeycompass" layername="swap_monkeycompass-6" frame="1" z_index="8" m_a="1.000000" m_b="0.000000" m_c="0.000000" m_d="1.000000" m_tx="0.000000" m_ty="0.000000"/>
  </frame>
  <frame idx="375" w="77" h="99" x="44.608658" y="1.483665">
   <element name="swap_monkeycompass" layername="swap_monkeycompass-5" frame="0" z_index="9" m_a="1.000000" m_b="0.000000" m_c="0.000000" m_d="1.000000" m_tx="0.000000" m_ty="0.000000"/>
   <element name="swap_monkeycompass" layername="swap_monkeycompass-6" frame="1" z_index="8" m_a="1.000000" m_b="0.000000" m_c="0.000000" m_d="1.000000" m_tx="0.000000" m_ty="0.000000"/>
  </frame>
  <frame idx="400" w="77" h="99" x="44.608658" y="1.483665">
   <element name="swap_monkeycompass" layername="swap_monkeycompass-5" frame="0" z_index="9" m_a="1.000000" m_b="0.000000" m_c="0.000000" m_d="1.000000" m_tx="0.000000" m_ty="0.000000"/>
   <element name="swap_monkeycompass" layername="swap_monkeycompass-6" frame="1" z_index="8" m_a="1.000000" m_b="0.000000" m_c="0.000000" m_d="1.000000" m_tx="0.000000" m_ty="0.000000"/>
  </frame>
  <frame idx="425" w="77" h="99" x="44.608658" y="1.483665">
   <element name="swap_monkeycompass" layername="swap_monkeycompass-5" frame="0" z_index="9" m_a="1.000000" m_b="0.000000" m_c="0.000000" m_d="1.000000" m_tx="0.000000" m_ty="0.000000"/>
   <element name="swap_monkeycompass" layername="swap_monkeycompass-6" frame="1" z_index="8" m_a="1.000000" m_b="0.000000" m_c="0.000000" m_d="1.000000" m_tx="0.000000" m_ty="0.000000"/>
  </frame>
  <frame idx="450" w="77" h="99" x="44.608658" y="1.483665">
   <element name="swap_monkeycompass" layername="swap_monkeycompass-5" frame="0" z_index="9" m_a="1.000000" m_b="0.000000" m_c="0.000000" m_d="1.000000" m_tx="0.000000" m_ty="0.000000"/>
   <element name="swap_monkeycompass" layername="swap_monkeycompass-6" frame="1" z_index="8" m_a="1.000000" m_b="0.000000" m_c="0.000000" m_d="1.000000" m_tx="0.000000" m_ty="0.000000"/>
  </frame>
  <frame idx="475" w="77" h="99" x="44.608658" y="1.483665">
   <element name="swap_monkeycompass" layername="swap_monkeycompass-5" frame="0" z_index="9" m_a="1.000000" m_b="0.000000" m_c="0.000000" m_d="1.000000" m_tx="0.000000" m_ty="0.000000"/>
   <element name="swap_monkeycompass" layername="swap_monkeycompass-6" frame="1" z_index="8" m_a="1.000000" m_b="0.000000" m_c="0.000000" m_d="1.000000" m_tx="0.000000" m_ty="0.000000"/>
  </frame>
  <frame idx="500" w="77" h="99" x="44.608658" y="1.483665">
   <element name="swap_monkeycompass" layername="swap_monkeycompass-5" frame="0" z_index="9" m_a="1.000000" m_b="0.000000" m_c="0.000000" m_d="1.000000" m_tx="0.000000" m_ty="0.000000"/>
   <element name="swap_monkeycompass" layername="swap_monkeycompass-6" frame="1" z_index="8" m_a="1.000000" m_b="0.000000" m_c="0.000000" m_d="1.000000" m_tx="0.000000" m_ty="0.000000"/>
  </frame>
  <frame idx="525" w="77" h="99" x="44.608658" y="1.483665">
   <element name="swap_monkeycompass" layername="swap_monkeycompass-5" frame="0" z_index="9" m_a="1.000000" m_b="0.000000" m_c="0.000000" m_d="1.000000" m_tx="0.000000" m_ty="0.000000"/>
   <element name="swap_monkeycompass" layername="swap_monkeycompass-6" frame="1" z_index="8" m_a="1.000000" m_b="0.000000" m_c="0.000000" m_d="1.000000" m_tx="0.000000" m_ty="0.000000"/>
  </frame>
  <frame idx="550" w="77" h="99" x="44.608658" y="1.483665">
   <element name="swap_monkeycompass" layername="swap_monkeycompass-5" frame="0" z_index="9" m_a="1.000000" m_b="0.000000" m_c="0.000000" m_d="1.000000" m_tx="0.000000" m_ty="0.000000"/>
   <element name="swap_monkeycompass" layername="swap_monkeycompass-6" frame="1" z_index="8" m_a="1.000000" m_b="0.000000" m_c="0.000000" m_d="1.000000" m_tx="0.000000" m_ty="0.000000"/>
  </frame>
  <frame idx="575" w="77" h="99" x="44.608658" y="1.483665">
   <element name="swap_monkeycompass" layername="swap_monkeycompass-5" frame="0" z_index="9" m_a="1.000000" m_b="0.000000" m_c="0.000000" m_d="1.000000" m_tx="0.000000" m_ty="0.000000"/>
   <element name="swap_monkeycompass" layername="swap_monkeycompass-6" frame="1" z_index="8" m_a="1.000000" m_b="0.000000" m_c="0.000000" m_d="1.000000" m_tx="0.000000" m_ty="0.000000"/>
  </frame>
  <frame idx="600" w="77" h="99" x="44.608658" y="1.483665">
   <element name="swap_monkeycompass" layername="swap_monkeycompass-5" frame="0" z_index="9" m_a="1.000000" m_b="0.000000" m_c="0.000000" m_d="1.000000" m_tx="0.000000" m_ty="0.000000"/>
   <element name="swap_monkeycompass" layername="swap_monkeycompass-6" frame="1" z_index="8" m_a="1.000000" m_b="0.000000" m_c="0.000000" m_d="1.000000" m_tx="0.000000" m_ty="0.000000"/>
  </frame>
  <frame idx="625" w="77" h="99" x="44.608658" y="1.483665">
   <element name="swap_monkeycompass" layername="swap_monkeycompass-5" frame="0" z_index="9" m_a="1.000000" m_b="0.000000" m_c="0.000000" m_d="1.000000" m_tx="0.000000" m_ty="0.000000"/>
   <element name="swap_monkeycompass" layername="swap_monkeycompass-6" frame="1" z_index="8" m_a="1.000000" m_b="0.000000" m_c="0.000000" m_d="1.000000" m_tx="0.000000" m_ty="0.000000"/>
  </frame>
  <frame idx="650" w="77" h="99" x="44.608658" y="1.483665">
   <element name="swap_monkeycompass" layername="swap_monkeycompass-5" frame="0" z_index="9" m_a="1.000000" m_b="0.000000" m_c="0.000000" m_d="1.000000" m_tx="0.000000" m_ty="0.000000"/>
   <element name="swap_monkeycompass" layername="swap_monkeycompass-6" frame="1" z_index="8" m_a="1.000000" m_b="0.000000" m_c="0.000000" m_d="1.000000" m_tx="0.000000" m_ty="0.000000"/>
  </frame>
  <frame idx="675" w="77" h="99" x="44.608658" y="1.483665">
   <element name="swap_monkeycompass" layername="swap_monkeycompass-5" frame="0" z_index="9" m_a="1.000000" m_b="0.000000" m_c="0.000000" m_d="1.000000" m_tx="0.000000" m_ty="0.000000"/>
   <element name="swap_monkeycompass" layername="swap_monkeycompass-6" frame="1" z_index="8" m_a="1.000000" m_b="0.000000" m_c="0.000000" m_d="1.000000" m_tx="0.000000" m_ty="0.000000"/>
  </frame>
  <frame idx="700" w="77" h="99" x="44.608658" y="1.483665">
   <element name="swap_monkeycompass" layername="swap_monkeycompass-5" frame="0" z_index="9" m_a="1.000000" m_b="0.000000" m_c="0.000000" m_d="1.000000" m_tx="0.000000" m_ty="0.000000"/>
   <element name="swap_monkeycompass" layername="swap_monkeycompass-6" frame="1" z_index="8" m_a="1.000000" m_b="0.000000" m_c="0.000000" m_d="1.000000" m_tx="0.000000" m_ty="0.000000"/>
  </frame>
  <frame idx="725" w="77" h="99" x="44.608658" y="1.483665">
   <element name="swap_monkeycompass" layername="swap_monkeycompass-5" frame="0" z_index="9" m_a="1.000000" m_b="0.000000" m_c="0.000000" m_d="1.000000" m_tx="0.000000" m_ty="0.000000"/>
   <element name="swap_monkeycompass" layername="swap_monkeycompass-6" frame="1" z_index="8" m_a="1.000000" m_b="0.000000" m_c="0.000000" m_d="1.000000" m_tx="0.000000" m_ty="0.000000"/>
  </frame>
  <frame idx="750" w="77" h="99" x="44.608658" y="1.483665">
   <element name="swap_monkeycompass" layername="swap_monkeycompass-5" frame="0" z_index="9" m_a="1.000000" m_b="0.000000" m_c="0.000000" m_d="1.000000" m_tx="0.000000" m_ty="0.000000"/>
   <element name="swap_monkeycompass" layername="swap_monkeycompass-6" frame="1" z_index="8" m_a="1.000000" m_b="0.000000" m_c="0.000000" m_d="1.000000" m_tx="0.000000" m_ty="0.000000"/>
  </frame>
  <frame idx="775" w="77" h="99" x="44.608658" y="1.483665">
   <element name="swap_monkeycompass" layername="swap_monkeycompass-5" frame="0" z_index="9" m_a="1.000000" m_b="0.000000" m_c="0.000000" m_d="1.000000" m_tx="0.000000" m_ty="0.000000"/>
   <element name="swap_monkeycompass" layername="swap_monkeycompass-6" frame="1" z_index="8" m_a="1.000000" m_b="0.000000" m_c="0.000000" m_d="1.000000" m_tx="0.000000" m_ty="0.000000"/>
  </frame>
  <frame idx="800" w="77" h="99" x="44.608658" y="1.483665">
   <element name="swap_monkeycompass" layername="swap_monkeycompass-5" frame="0" z_index="9" m_a="1.000000" m_b="0.000000" m_c="0.000000" m_d="1.000000" m_tx="0.000000" m_ty="0.000000"/>
   <element name="swap_monkeycompass" layername="swap_monkeycompass-6" frame="1" z_index="8" m_a="1.000000" m_b="0.000000" m_c="0.000000" m_d="1.000000" m_tx="0.000000" m_ty="0.000000"/>
  </frame>
  <frame idx="825" w="77" h="99" x="44.608658" y="1.483665">
   <element name="swap_monkeycompass" layername="swap_monkeycompass-5" frame="0" z_index="9" m_a="1.000000" m_b="0.000000" m_c="0.000000" m_d="1.000000" m_tx="0.000000" m_ty="0.000000"/>
   <element name="swap_monkeycompass" layername="swap_monkeycompass-6" frame="1" z_index="8" m_a="1.000000" m_b="0.000000" m_c="0.000000" m_d="1.000000" m_tx="0.000000" m_ty="0.000000"/>
  </frame>
  <frame idx="850" w="77" h="99" x="44.608658" y="1.483665">
   <element name="swap_monkeycompass" layername="swap_monkeycompass-5" frame="0" z_index="9" m_a="1.000000" m_b="0.000000" m_c="0.000000" m_d="1.000000" m_tx="0.000000" m_ty="0.000000"/>
   <element name="swap_monkeycompass" layername="swap_monkeycompass-6" frame="1" z_index="8" m_a="1.000000" m_b="0.000000" m_c="0.000000" m_d="1.000000" m_tx="0.000000" m_ty="0.000000"/>
  </frame>
  <frame idx="875" w="77" h="99" x="44.608658" y="1.483665">
   <element name="swap_monkeycompass" layername="swap_monkeycompass-5" frame="0" z_index="9" m_a="1.000000" m_b="0.000000" m_c="0.000000" m_d="1.000000" m_tx="0.000000" m_ty="0.000000"/>
   <element name="swap_monkeycompass" layername="swap_monkeycompass-6" frame="1" z_index="8" m_a="1.000000" m_b="0.000000" m_c="0.000000" m_d="1.000000" m_tx="0.000000" m_ty="0.000000"/>
  </frame>
  <frame idx="900" w="77" h="99" x="44.608658" y="1.483665">
   <element name="swap_monkeycompass" layername="swap_monkeycompass-5" frame="0" z_index="9" m_a="1.000000" m_b="0.000000" m_c="0.000000" m_d="1.000000" m_tx="0.000000" m_ty="0.000000"/>
   <element name="swap_monkeycompass" layername="swap_monkeycompass-6" frame="1" z_index="8" m_a="1.000000" m_b="0.000000" m_c="0.000000" m_d="1.000000" m_tx="0.000000" m_ty="0.000000"/>
  </frame>
  <frame idx="925" w="77" h="99" x="44.608658" y="1.483665">
   <element name="swap_monkeycompass" layername="swap_monkeycompass-5" frame="0" z_index="9" m_a="1.000000" m_b="0.000000" m_c="0.000000" m_d="1.000000" m_tx="0.000000" m_ty="0.000000"/>
   <element name="swap_monkeycompass" layername="swap_monkeycompass-6" frame="1" z_index="8" m_a="1.000000" m_b="0.000000" m_c="0.000000" m_d="1.000000" m_tx="0.000000" m_ty="0.000000"/>
  </frame>
  <frame idx="950" w="77" h="99" x="44.608658" y="1.483665">
   <element name="swap_monkeycompass" layername="swap_monkeycompass-5" frame="0" z_index="9" m_a="1.000000" m_b="0.000000" m_c="0.000000" m_d="1.000000" m_tx="0.000000" m_ty="0.000000"/>
   <element name="swap_monkeycompass" layername="swap_monkeycompass-6" frame="1" z_index="8" m_a="1.000000" m_b="0.000000" m_c="0.000000" m_d="1.000000" m_tx="0.000000" m_ty="0.000000"/>
  </frame>
  <frame idx="975" w="77" h="99" x="44.608658" y="1.483665">
   <element name="swap_monkeycompass" layername="swap_monkeycompass-5" frame="0" z_index="9" m_a="1.000000" m_b="0.000000" m_c="0.000000" m_d="1.000000" m_tx="0.000000" m_ty="0.000000"/>
   <element name="swap_monkeycompass" layername="swap_monkeycompass-6" frame="1" z_index="8" m_a="1.000000" m_b="0.000000" m_c="0.000000" m_d="1.000000" m_tx="0.000000" m_ty="0.000000"/>
  </frame>
 </anim>
</Anims>
