<Anims>
 <anim name="Idle" root="swap_amgulet" numframes="50" framerate="40">
  <frame idx="0" w="88" h="147" x="-1.181484" y="-33.228790">
   <element name="swap_body" layername="swap_body" frame="0" z_index="1" m_a="1.000000" m_b="0.000000" m_c="0.000000" m_d="1.000000" m_tx="-0.450000" m_ty="-0.300000"/>
  </frame>
  <frame idx="25" w="88" h="147" x="-1.181484" y="-33.228790">
   <element name="swap_body" layername="swap_body" frame="0" z_index="1" m_a="1.000000" m_b="0.000000" m_c="0.000000" m_d="1.000000" m_tx="-0.450000" m_ty="-0.300000"/>
  </frame>
 </anim>
</Anims>
