<Anims>
 <anim name="shake" root="grog" numframes="2000" framerate="40">
  <frame idx="0" w="195" h="263" x="3.046143" y="-58.430695">
   <element name="symbol0" layername="grog" frame="0" z_index="2" m_a="1.000000" m_b="0.000000" m_c="0.000000" m_d="1.000000" m_tx="0.000000" m_ty="0.000000"/>
  </frame>
  <frame idx="25" w="197" h="264" x="2.470879" y="-57.859100">
   <element name="symbol0" layername="grog" frame="0" z_index="2" m_a="0.999980" m_b="0.006371" m_c="-0.006371" m_d="0.999980" m_tx="0.000000" m_ty="0.000000"/>
  </frame>
  <frame idx="50" w="200" h="264" x="1.891998" y="-57.291168">
   <element name="symbol0" layername="grog" frame="0" z_index="2" m_a="0.999919" m_b="0.012743" m_c="-0.012743" m_d="0.999919" m_tx="0.000000" m_ty="0.000000"/>
  </frame>
  <frame idx="75" w="202" h="266" x="1.309502" y="-56.726944">
   <element name="symbol0" layername="grog" frame="0" z_index="2" m_a="0.999817" m_b="0.019113" m_c="-0.019113" m_d="0.999817" m_tx="0.000000" m_ty="0.000000"/>
  </frame>
  <frame idx="100" w="203" h="266" x="0.723427" y="-56.166435">
   <element name="symbol0" layername="grog" frame="0" z_index="2" m_a="0.999675" m_b="0.025483" m_c="-0.025483" m_d="0.999675" m_tx="0.000000" m_ty="0.000000"/>
  </frame>
  <frame idx="125" w="205" h="267" x="0.133797" y="-55.609680">
   <element name="symbol0" layername="grog" frame="0" z_index="2" m_a="0.999493" m_b="0.031852" m_c="-0.031852" m_d="0.999493" m_tx="0.000000" m_ty="0.000000"/>
  </frame>
  <frame idx="150" w="207" h="267" x="-0.459373" y="-55.056694">
   <element name="symbol0" layername="grog" frame="0" z_index="2" m_a="0.999269" m_b="0.038220" m_c="-0.038220" m_d="0.999269" m_tx="0.000000" m_ty="0.000000"/>
  </frame>
  <frame idx="175" w="208" h="268" x="-1.056053" y="-54.507492">
   <element name="symbol0" layername="grog" frame="0" z_index="2" m_a="0.999006" m_b="0.044586" m_c="-0.044586" m_d="0.999006" m_tx="0.000000" m_ty="0.000000"/>
  </frame>
  <frame idx="200" w="211" h="268" x="-1.475700" y="-54.125420">
   <element name="symbol0" layername="grog" frame="0" z_index="2" m_a="0.998797" m_b="0.049040" m_c="-0.049040" m_d="0.998797" m_tx="0.000000" m_ty="0.000000"/>
  </frame>
  <frame idx="225" w="205" h="267" x="0.165138" y="-55.639091">
   <element name="symbol0" layername="grog" frame="0" z_index="2" m_a="0.999503" m_b="0.031514" m_c="-0.031514" m_d="0.999503" m_tx="0.000000" m_ty="0.000000"/>
  </frame>
  <frame idx="250" w="200" h="264" x="1.779037" y="-57.181183">
   <element name="symbol0" layername="grog" frame="0" z_index="2" m_a="0.999902" m_b="0.013981" m_c="-0.013981" m_d="0.999902" m_tx="0.000000" m_ty="0.000000"/>
  </frame>
  <frame idx="275" w="196" h="264" x="3.365738" y="-58.751427">
   <element name="symbol0" layername="grog" frame="0" z_index="2" m_a="0.999994" m_b="-0.003557" m_c="0.003557" m_d="0.999994" m_tx="0.000000" m_ty="0.000000"/>
  </frame>
  <frame idx="300" w="197" h="270" x="4.924606" y="-60.349213">
   <element name="symbol0" layername="grog" frame="0" z_index="2" m_a="0.999777" m_b="-0.021094" m_c="0.021094" m_d="0.999777" m_tx="0.000000" m_ty="0.000000"/>
  </frame>
  <frame idx="325" w="200" h="274" x="6.455261" y="-61.974136">
   <element name="symbol0" layername="grog" frame="0" z_index="2" m_a="0.999254" m_b="-0.038625" m_c="0.038625" m_d="0.999254" m_tx="0.000000" m_ty="0.000000"/>
  </frame>
  <frame idx="350" w="201" h="280" x="7.957138" y="-63.625610">
   <element name="symbol0" layername="grog" frame="0" z_index="2" m_a="0.998423" m_b="-0.056144" m_c="0.056144" m_d="0.998423" m_tx="0.000000" m_ty="0.000000"/>
  </frame>
  <frame idx="375" w="203" h="285" x="9.429863" y="-65.303215">
   <element name="symbol0" layername="grog" frame="0" z_index="2" m_a="0.997284" m_b="-0.073646" m_c="0.073646" m_d="0.997284" m_tx="0.000000" m_ty="0.000000"/>
  </frame>
  <frame idx="400" w="204" h="289" x="10.646347" y="-66.734909">
   <element name="symbol0" layername="grog" frame="0" z_index="2" m_a="0.996089" m_b="-0.088358" m_c="0.088358" m_d="0.996089" m_tx="0.000000" m_ty="0.000000"/>
  </frame>
  <frame idx="425" w="203" h="284" x="9.228577" y="-65.070389">
   <element name="symbol0" layername="grog" frame="0" z_index="2" m_a="0.997460" m_b="-0.071234" m_c="0.071234" m_d="0.997460" m_tx="0.000000" m_ty="0.000000"/>
  </frame>
  <frame idx="450" w="201" h="279" x="7.782410" y="-63.430466">
   <element name="symbol0" layername="grog" frame="0" z_index="2" m_a="0.998536" m_b="-0.054089" m_c="0.054089" m_d="0.998536" m_tx="0.000000" m_ty="0.000000"/>
  </frame>
  <frame idx="475" w="200" h="274" x="6.308304" y="-61.815628">
   <element name="symbol0" layername="grog" frame="0" z_index="2" m_a="0.999318" m_b="-0.036928" m_c="0.036928" m_d="0.999318" m_tx="0.000000" m_ty="0.000000"/>
  </frame>
  <frame idx="500" w="197" h="269" x="4.806664" y="-60.226357">
   <element name="symbol0" layername="grog" frame="0" z_index="2" m_a="0.999805" m_b="-0.019757" m_c="0.019757" m_d="0.999805" m_tx="0.000000" m_ty="0.000000"/>
  </frame>
  <frame idx="525" w="196" h="264" x="3.277954" y="-58.663101">
   <element name="symbol0" layername="grog" frame="0" z_index="2" m_a="0.999997" m_b="-0.002579" m_c="0.002579" m_d="0.999997" m_tx="0.000000" m_ty="0.000000"/>
  </frame>
  <frame idx="550" w="200" h="264" x="1.722618" y="-57.126343">
   <element name="symbol0" layername="grog" frame="0" z_index="2" m_a="0.999893" m_b="0.014599" m_c="-0.014599" m_d="0.999893" m_tx="0.000000" m_ty="0.000000"/>
  </frame>
  <frame idx="575" w="205" h="267" x="0.141106" y="-55.616531">
   <element name="symbol0" layername="grog" frame="0" z_index="2" m_a="0.999495" m_b="0.031773" m_c="-0.031773" m_d="0.999495" m_tx="0.000000" m_ty="0.000000"/>
  </frame>
  <frame idx="600" w="209" h="268" x="-1.275826" y="-54.306969">
   <element name="symbol0" layername="grog" frame="0" z_index="2" m_a="0.998899" m_b="0.046921" m_c="-0.046921" m_d="0.998899" m_tx="0.000000" m_ty="0.000000"/>
  </frame>
  <frame idx="625" w="207" h="267" x="-0.519806" y="-55.000748">
   <element name="symbol0" layername="grog" frame="0" z_index="2" m_a="0.999244" m_b="0.038866" m_c="-0.038866" m_d="0.999244" m_tx="0.000000" m_ty="0.000000"/>
  </frame>
  <frame idx="650" w="205" h="267" x="0.230682" y="-55.700684">
   <element name="symbol0" layername="grog" frame="0" z_index="2" m_a="0.999525" m_b="0.030808" m_c="-0.030808" m_d="0.999525" m_tx="0.000000" m_ty="0.000000"/>
  </frame>
  <frame idx="675" w="203" h="266" x="0.975510" y="-56.406647">
   <element name="symbol0" layername="grog" frame="0" z_index="2" m_a="0.999741" m_b="0.022748" m_c="-0.022748" m_d="0.999741" m_tx="0.000000" m_ty="0.000000"/>
  </frame>
  <frame idx="700" w="200" h="264" x="1.714615" y="-57.118591">
   <element name="symbol0" layername="grog" frame="0" z_index="2" m_a="0.999892" m_b="0.014687" m_c="-0.014687" m_d="0.999892" m_tx="0.000000" m_ty="0.000000"/>
  </frame>
  <frame idx="725" w="197" h="264" x="2.447884" y="-57.836380">
   <element name="symbol0" layername="grog" frame="0" z_index="2" m_a="0.999978" m_b="0.006625" m_c="-0.006625" m_d="0.999978" m_tx="0.000000" m_ty="0.000000"/>
  </frame>
  <frame idx="750" w="196" h="263" x="3.175415" y="-58.560150">
   <element name="symbol0" layername="grog" frame="0" z_index="2" m_a="0.999999" m_b="-0.001437" m_c="0.001437" m_d="0.999999" m_tx="0.000000" m_ty="0.000000"/>
  </frame>
  <frame idx="775" w="196" h="266" x="3.897087" y="-59.289757">
   <element name="symbol0" layername="grog" frame="0" z_index="2" m_a="0.999955" m_b="-0.009500" m_c="0.009500" m_d="0.999955" m_tx="0.000000" m_ty="0.000000"/>
  </frame>
  <frame idx="800" w="197" h="268" x="4.550735" y="-59.960876">
   <element name="symbol0" layername="grog" frame="0" z_index="2" m_a="0.999858" m_b="-0.016860" m_c="0.016860" m_d="0.999858" m_tx="0.000000" m_ty="0.000000"/>
  </frame>
  <frame idx="825" w="196" h="266" x="3.708328" y="-59.097786">
   <element name="symbol0" layername="grog" frame="0" z_index="2" m_a="0.999973" m_b="-0.007385" m_c="0.007385" m_d="0.999973" m_tx="0.000000" m_ty="0.000000"/>
  </frame>
  <frame idx="850" w="196" h="263" x="2.857780" y="-58.242722">
   <element name="symbol0" layername="grog" frame="0" z_index="2" m_a="0.999998" m_b="0.002091" m_c="-0.002091" m_d="0.999998" m_tx="0.000000" m_ty="0.000000"/>
  </frame>
  <frame idx="875" w="200" h="264" x="1.999168" y="-57.395760">
   <element name="symbol0" layername="grog" frame="0" z_index="2" m_a="0.999933" m_b="0.011566" m_c="-0.011566" m_d="0.999933" m_tx="0.000000" m_ty="0.000000"/>
  </frame>
  <frame idx="900" w="202" h="266" x="1.132568" y="-56.556961">
   <element name="symbol0" layername="grog" frame="0" z_index="2" m_a="0.999779" m_b="0.021041" m_c="-0.021041" m_d="0.999779" m_tx="0.000000" m_ty="0.000000"/>
  </frame>
  <frame idx="925" w="205" h="267" x="0.258057" y="-55.726425">
   <element name="symbol0" layername="grog" frame="0" z_index="2" m_a="0.999534" m_b="0.030513" m_c="-0.030513" m_d="0.999534" m_tx="0.000000" m_ty="0.000000"/>
  </frame>
  <frame idx="950" w="207" h="267" x="-0.624283" y="-54.904205">
   <element name="symbol0" layername="grog" frame="0" z_index="2" m_a="0.999200" m_b="0.039983" m_c="-0.039983" m_d="0.999200" m_tx="0.000000" m_ty="0.000000"/>
  </frame>
  <frame idx="975" w="211" h="268" x="-1.514374" y="-54.090378">
   <element name="symbol0" layername="grog" frame="0" z_index="2" m_a="0.998777" m_b="0.049449" m_c="-0.049449" m_d="0.998777" m_tx="0.000000" m_ty="0.000000"/>
  </frame>
  <frame idx="1000" w="213" h="269" x="-2.251701" y="-53.427826">
   <element name="symbol0" layername="grog" frame="0" z_index="2" m_a="0.998361" m_b="0.057226" m_c="-0.057226" m_d="0.998361" m_tx="0.000000" m_ty="0.000000"/>
  </frame>
  <frame idx="1025" w="209" h="268" x="-1.153557" y="-54.418419">
   <element name="symbol0" layername="grog" frame="0" z_index="2" m_a="0.998959" m_b="0.045622" m_c="-0.045622" m_d="0.998959" m_tx="0.000000" m_ty="0.000000"/>
  </frame>
  <frame idx="1050" w="206" h="267" x="-0.067032" y="-55.421661">
   <element name="symbol0" layername="grog" frame="0" z_index="2" m_a="0.999421" m_b="0.034012" m_c="-0.034012" m_d="0.999421" m_tx="0.000000" m_ty="0.000000"/>
  </frame>
  <frame idx="1075" w="202" h="266" x="1.007889" y="-56.437592">
   <element name="symbol0" layername="grog" frame="0" z_index="2" m_a="0.999749" m_b="0.022396" m_c="-0.022396" m_d="0.999749" m_tx="0.000000" m_ty="0.000000"/>
  </frame>
  <frame idx="1100" w="198" h="264" x="2.070801" y="-57.465820">
   <element name="symbol0" layername="grog" frame="0" z_index="2" m_a="0.999942" m_b="0.010779" m_c="-0.010779" m_d="0.999942" m_tx="0.000000" m_ty="0.000000"/>
  </frame>
  <frame idx="1125" w="196" h="263" x="3.121750" y="-58.506355">
   <element name="symbol0" layername="grog" frame="0" z_index="2" m_a="1.000000" m_b="-0.000840" m_c="0.000840" m_d="1.000000" m_tx="0.000000" m_ty="0.000000"/>
  </frame>
  <frame idx="1150" w="197" h="267" x="4.160484" y="-59.558998">
   <element name="symbol0" layername="grog" frame="0" z_index="2" m_a="0.999922" m_b="-0.012459" m_c="0.012459" m_d="0.999922" m_tx="0.000000" m_ty="0.000000"/>
  </frame>
  <frame idx="1175" w="198" h="270" x="5.186920" y="-60.623642">
   <element name="symbol0" layername="grog" frame="0" z_index="2" m_a="0.999710" m_b="-0.024076" m_c="0.024076" m_d="0.999710" m_tx="0.000000" m_ty="0.000000"/>
  </frame>
  <frame idx="1200" w="198" h="273" x="6.056374" y="-61.545158">
   <element name="symbol0" layername="grog" frame="0" z_index="2" m_a="0.999421" m_b="-0.034026" m_c="0.034026" m_d="0.999421" m_tx="0.000000" m_ty="0.000000"/>
  </frame>
  <frame idx="1225" w="198" h="271" x="5.253143" y="-60.693192">
   <element name="symbol0" layername="grog" frame="0" z_index="2" m_a="0.999692" m_b="-0.024831" m_c="0.024831" m_d="0.999692" m_tx="0.000000" m_ty="0.000000"/>
  </frame>
  <frame idx="1250" w="197" h="268" x="4.442108" y="-59.848648">
   <element name="symbol0" layername="grog" frame="0" z_index="2" m_a="0.999878" m_b="-0.015633" m_c="0.015633" m_d="0.999878" m_tx="0.000000" m_ty="0.000000"/>
  </frame>
  <frame idx="1275" w="196" h="266" x="3.623337" y="-59.011604">
   <element name="symbol0" layername="grog" frame="0" z_index="2" m_a="0.999979" m_b="-0.006434" m_c="0.006434" m_d="0.999979" m_tx="0.000000" m_ty="0.000000"/>
  </frame>
  <frame idx="1300" w="196" h="263" x="2.796898" y="-58.182137">
   <element name="symbol0" layername="grog" frame="0" z_index="2" m_a="0.999996" m_b="0.002766" m_c="-0.002766" m_d="0.999996" m_tx="0.000000" m_ty="0.000000"/>
  </frame>
  <frame idx="1325" w="200" h="264" x="1.962868" y="-57.360291">
   <element name="symbol0" layername="grog" frame="0" z_index="2" m_a="0.999928" m_b="0.011965" m_c="-0.011965" m_d="0.999928" m_tx="0.000000" m_ty="0.000000"/>
  </frame>
  <frame idx="1350" w="202" h="266" x="1.121300" y="-56.546165">
   <element name="symbol0" layername="grog" frame="0" z_index="2" m_a="0.999776" m_b="0.021163" m_c="-0.021163" m_d="0.999776" m_tx="0.000000" m_ty="0.000000"/>
  </frame>
  <frame idx="1375" w="205" h="267" x="0.272285" y="-55.739815">
   <element name="symbol0" layername="grog" frame="0" z_index="2" m_a="0.999539" m_b="0.030360" m_c="-0.030360" m_d="0.999539" m_tx="0.000000" m_ty="0.000000"/>
  </frame>
  <frame idx="1400" w="207" h="267" x="-0.503456" y="-55.015877">
   <element name="symbol0" layername="grog" frame="0" z_index="2" m_a="0.999251" m_b="0.038691" m_c="-0.038691" m_d="0.999251" m_tx="0.000000" m_ty="0.000000"/>
  </frame>
  <frame idx="1425" w="204" h="266" x="0.645363" y="-56.092308">
   <element name="symbol0" layername="grog" frame="0" z_index="2" m_a="0.999653" m_b="0.026329" m_c="-0.026329" m_d="0.999653" m_tx="0.000000" m_ty="0.000000"/>
  </frame>
  <frame idx="1450" w="200" h="264" x="1.780777" y="-57.182877">
   <element name="symbol0" layername="grog" frame="0" z_index="2" m_a="0.999903" m_b="0.013962" m_c="-0.013962" m_d="0.999903" m_tx="0.000000" m_ty="0.000000"/>
  </frame>
  <frame idx="1475" w="196" h="263" x="2.902626" y="-58.287399">
   <element name="symbol0" layername="grog" frame="0" z_index="2" m_a="0.999999" m_b="0.001593" m_c="-0.001593" m_d="0.999999" m_tx="0.000000" m_ty="0.000000"/>
  </frame>
  <frame idx="1500" w="196" h="267" x="4.010712" y="-59.405716">
   <element name="symbol0" layername="grog" frame="0" z_index="2" m_a="0.999942" m_b="-0.010776" m_c="0.010776" m_d="0.999942" m_tx="0.000000" m_ty="0.000000"/>
  </frame>
  <frame idx="1525" w="198" h="270" x="5.104935" y="-60.537704">
   <element name="symbol0" layername="grog" frame="0" z_index="2" m_a="0.999732" m_b="-0.023143" m_c="0.023143" m_d="0.999732" m_tx="0.000000" m_ty="0.000000"/>
  </frame>
  <frame idx="1550" w="200" h="273" x="6.184990" y="-61.683037">
   <element name="symbol0" layername="grog" frame="0" z_index="2" m_a="0.999369" m_b="-0.035507" m_c="0.035507" m_d="0.999369" m_tx="0.000000" m_ty="0.000000"/>
  </frame>
  <frame idx="1575" w="201" h="278" x="7.250793" y="-62.841644">
   <element name="symbol0" layername="grog" frame="0" z_index="2" m_a="0.998854" m_b="-0.047864" m_c="0.047864" m_d="0.998854" m_tx="0.000000" m_ty="0.000000"/>
  </frame>
  <frame idx="1600" w="202" h="281" x="8.242737" y="-63.946320">
   <element name="symbol0" layername="grog" frame="0" z_index="2" m_a="0.998228" m_b="-0.059512" m_c="0.059512" m_d="0.998228" m_tx="0.000000" m_ty="0.000000"/>
  </frame>
  <frame idx="1625" w="201" h="279" x="7.797234" y="-63.446999">
   <element name="symbol0" layername="grog" frame="0" z_index="2" m_a="0.998527" m_b="-0.054263" m_c="0.054263" m_d="0.998527" m_tx="0.000000" m_ty="0.000000"/>
  </frame>
  <frame idx="1650" w="201" h="278" x="7.349121" y="-62.950012">
   <element name="symbol0" layername="grog" frame="0" z_index="2" m_a="0.998798" m_b="-0.049013" m_c="0.049013" m_d="0.998798" m_tx="0.000000" m_ty="0.000000"/>
  </frame>
  <frame idx="1675" w="200" h="277" x="6.898399" y="-62.455391">
   <element name="symbol0" layername="grog" frame="0" z_index="2" m_a="0.999042" m_b="-0.043761" m_c="0.043761" m_d="0.999042" m_tx="0.000000" m_ty="0.000000"/>
  </frame>
  <frame idx="1700" w="200" h="274" x="6.445084" y="-61.963150">
   <element name="symbol0" layername="grog" frame="0" z_index="2" m_a="0.999258" m_b="-0.038508" m_c="0.038508" m_d="0.999258" m_tx="0.000000" m_ty="0.000000"/>
  </frame>
  <frame idx="1725" w="198" h="273" x="5.989189" y="-61.473289">
   <element name="symbol0" layername="grog" frame="0" z_index="2" m_a="0.999447" m_b="-0.033254" m_c="0.033254" m_d="0.999447" m_tx="0.000000" m_ty="0.000000"/>
  </frame>
  <frame idx="1750" w="198" h="271" x="5.530724" y="-60.985832">
   <element name="symbol0" layername="grog" frame="0" z_index="2" m_a="0.999608" m_b="-0.027998" m_c="0.027998" m_d="0.999608" m_tx="0.000000" m_ty="0.000000"/>
  </frame>
  <frame idx="1775" w="197" h="270" x="5.069702" y="-60.500801">
   <element name="symbol0" layername="grog" frame="0" z_index="2" m_a="0.999741" m_b="-0.022743" m_c="0.022743" m_d="0.999741" m_tx="0.000000" m_ty="0.000000"/>
  </frame>
  <frame idx="1800" w="197" h="269" x="4.616936" y="-60.029396">
   <element name="symbol0" layername="grog" frame="0" z_index="2" m_a="0.999845" m_b="-0.017608" m_c="0.017608" m_d="0.999845" m_tx="0.000000" m_ty="0.000000"/>
  </frame>
  <frame idx="1825" w="197" h="268" x="4.422134" y="-59.828049">
   <element name="symbol0" layername="grog" frame="0" z_index="2" m_a="0.999881" m_b="-0.015407" m_c="0.015407" m_d="0.999881" m_tx="0.000000" m_ty="0.000000"/>
  </frame>
  <frame idx="1850" w="197" h="267" x="4.226883" y="-59.627136">
   <element name="symbol0" layername="grog" frame="0" z_index="2" m_a="0.999913" m_b="-0.013207" m_c="0.013207" m_d="0.999913" m_tx="0.000000" m_ty="0.000000"/>
  </frame>
  <frame idx="1875" w="196" h="267" x="4.031189" y="-59.426643">
   <element name="symbol0" layername="grog" frame="0" z_index="2" m_a="0.999939" m_b="-0.011006" m_c="0.011006" m_d="0.999939" m_tx="0.000000" m_ty="0.000000"/>
  </frame>
  <frame idx="1900" w="196" h="266" x="3.835060" y="-59.226585">
   <element name="symbol0" layername="grog" frame="0" z_index="2" m_a="0.999961" m_b="-0.008805" m_c="0.008805" m_d="0.999961" m_tx="0.000000" m_ty="0.000000"/>
  </frame>
  <frame idx="1925" w="196" h="266" x="3.638489" y="-59.026962">
   <element name="symbol0" layername="grog" frame="0" z_index="2" m_a="0.999978" m_b="-0.006603" m_c="0.006603" m_d="0.999978" m_tx="0.000000" m_ty="0.000000"/>
  </frame>
  <frame idx="1950" w="196" h="264" x="3.441467" y="-58.827782">
   <element name="symbol0" layername="grog" frame="0" z_index="2" m_a="0.999990" m_b="-0.004402" m_c="0.004402" m_d="0.999990" m_tx="0.000000" m_ty="0.000000"/>
  </frame>
  <frame idx="1975" w="196" h="264" x="3.244026" y="-58.629021">
   <element name="symbol0" layername="grog" frame="0" z_index="2" m_a="0.999998" m_b="-0.002201" m_c="0.002201" m_d="0.999998" m_tx="0.000000" m_ty="0.000000"/>
  </frame>
 </anim>
 <anim name="Idle" root="grog" numframes="1000" framerate="40">
  <frame idx="0" w="175" h="202" x="-14.262085" y="-38.675201">
   <element name="symbol0" layername="grog" frame="0" z_index="2" m_a="0.800000" m_b="0.000000" m_c="0.000000" m_d="0.800000" m_tx="0.691774" m_ty="37.755505"/>
  </frame>
  <frame idx="25" w="175" h="202" x="-14.262085" y="-38.675201">
   <element name="symbol0" layername="grog" frame="0" z_index="2" m_a="0.800000" m_b="0.000000" m_c="0.000000" m_d="0.800000" m_tx="0.691774" m_ty="37.755505"/>
  </frame>
  <frame idx="50" w="175" h="202" x="-14.262085" y="-38.675201">
   <element name="symbol0" layername="grog" frame="0" z_index="2" m_a="0.800000" m_b="0.000000" m_c="0.000000" m_d="0.800000" m_tx="0.691774" m_ty="37.755505"/>
  </frame>
  <frame idx="75" w="175" h="202" x="-14.262085" y="-38.675201">
   <element name="symbol0" layername="grog" frame="0" z_index="2" m_a="0.800000" m_b="0.000000" m_c="0.000000" m_d="0.800000" m_tx="0.691774" m_ty="37.755505"/>
  </frame>
  <frame idx="100" w="175" h="202" x="-14.262085" y="-38.675201">
   <element name="symbol0" layername="grog" frame="0" z_index="2" m_a="0.800000" m_b="0.000000" m_c="0.000000" m_d="0.800000" m_tx="0.691774" m_ty="37.755505"/>
  </frame>
  <frame idx="125" w="175" h="202" x="-14.262085" y="-38.675201">
   <element name="symbol0" layername="grog" frame="0" z_index="2" m_a="0.800000" m_b="0.000000" m_c="0.000000" m_d="0.800000" m_tx="0.691774" m_ty="37.755505"/>
  </frame>
  <frame idx="150" w="175" h="202" x="-14.262085" y="-38.675201">
   <element name="symbol0" layername="grog" frame="0" z_index="2" m_a="0.800000" m_b="0.000000" m_c="0.000000" m_d="0.800000" m_tx="0.691774" m_ty="37.755505"/>
  </frame>
  <frame idx="175" w="175" h="202" x="-14.262085" y="-38.675201">
   <element name="symbol0" layername="grog" frame="0" z_index="2" m_a="0.800000" m_b="0.000000" m_c="0.000000" m_d="0.800000" m_tx="0.691774" m_ty="37.755505"/>
  </frame>
  <frame idx="200" w="175" h="202" x="-14.262085" y="-38.675201">
   <element name="symbol0" layername="grog" frame="0" z_index="2" m_a="0.800000" m_b="0.000000" m_c="0.000000" m_d="0.800000" m_tx="0.691774" m_ty="37.755505"/>
  </frame>
  <frame idx="225" w="175" h="202" x="-14.262085" y="-38.675201">
   <element name="symbol0" layername="grog" frame="0" z_index="2" m_a="0.800000" m_b="0.000000" m_c="0.000000" m_d="0.800000" m_tx="0.691774" m_ty="37.755505"/>
  </frame>
  <frame idx="250" w="175" h="202" x="-14.262085" y="-38.675201">
   <element name="symbol0" layername="grog" frame="0" z_index="2" m_a="0.800000" m_b="0.000000" m_c="0.000000" m_d="0.800000" m_tx="0.691774" m_ty="37.755505"/>
  </frame>
  <frame idx="275" w="175" h="202" x="-14.262085" y="-38.675201">
   <element name="symbol0" layername="grog" frame="0" z_index="2" m_a="0.800000" m_b="0.000000" m_c="0.000000" m_d="0.800000" m_tx="0.691774" m_ty="37.755505"/>
  </frame>
  <frame idx="300" w="175" h="202" x="-14.262085" y="-38.675201">
   <element name="symbol0" layername="grog" frame="0" z_index="2" m_a="0.800000" m_b="0.000000" m_c="0.000000" m_d="0.800000" m_tx="0.691774" m_ty="37.755505"/>
  </frame>
  <frame idx="325" w="175" h="202" x="-14.262085" y="-38.675201">
   <element name="symbol0" layername="grog" frame="0" z_index="2" m_a="0.800000" m_b="0.000000" m_c="0.000000" m_d="0.800000" m_tx="0.691774" m_ty="37.755505"/>
  </frame>
  <frame idx="350" w="175" h="202" x="-14.262085" y="-38.675201">
   <element name="symbol0" layername="grog" frame="0" z_index="2" m_a="0.800000" m_b="0.000000" m_c="0.000000" m_d="0.800000" m_tx="0.691774" m_ty="37.755505"/>
  </frame>
  <frame idx="375" w="175" h="202" x="-14.262085" y="-38.675201">
   <element name="symbol0" layername="grog" frame="0" z_index="2" m_a="0.800000" m_b="0.000000" m_c="0.000000" m_d="0.800000" m_tx="0.691774" m_ty="37.755505"/>
  </frame>
  <frame idx="400" w="175" h="202" x="-14.262085" y="-38.675201">
   <element name="symbol0" layername="grog" frame="0" z_index="2" m_a="0.800000" m_b="0.000000" m_c="0.000000" m_d="0.800000" m_tx="0.691774" m_ty="37.755505"/>
  </frame>
  <frame idx="425" w="175" h="202" x="-14.262085" y="-38.675201">
   <element name="symbol0" layername="grog" frame="0" z_index="2" m_a="0.800000" m_b="0.000000" m_c="0.000000" m_d="0.800000" m_tx="0.691774" m_ty="37.755505"/>
  </frame>
  <frame idx="450" w="175" h="202" x="-14.262085" y="-38.675201">
   <element name="symbol0" layername="grog" frame="0" z_index="2" m_a="0.800000" m_b="0.000000" m_c="0.000000" m_d="0.800000" m_tx="0.691774" m_ty="37.755505"/>
  </frame>
  <frame idx="475" w="175" h="202" x="-14.262085" y="-38.675201">
   <element name="symbol0" layername="grog" frame="0" z_index="2" m_a="0.800000" m_b="0.000000" m_c="0.000000" m_d="0.800000" m_tx="0.691774" m_ty="37.755505"/>
  </frame>
  <frame idx="500" w="175" h="202" x="-14.262085" y="-38.675201">
   <element name="symbol0" layername="grog" frame="0" z_index="2" m_a="0.800000" m_b="0.000000" m_c="0.000000" m_d="0.800000" m_tx="0.691774" m_ty="37.755505"/>
  </frame>
  <frame idx="525" w="175" h="202" x="-14.262085" y="-38.675201">
   <element name="symbol0" layername="grog" frame="0" z_index="2" m_a="0.800000" m_b="0.000000" m_c="0.000000" m_d="0.800000" m_tx="0.691774" m_ty="37.755505"/>
  </frame>
  <frame idx="550" w="175" h="202" x="-14.262085" y="-38.675201">
   <element name="symbol0" layername="grog" frame="0" z_index="2" m_a="0.800000" m_b="0.000000" m_c="0.000000" m_d="0.800000" m_tx="0.691774" m_ty="37.755505"/>
  </frame>
  <frame idx="575" w="175" h="202" x="-14.262085" y="-38.675201">
   <element name="symbol0" layername="grog" frame="0" z_index="2" m_a="0.800000" m_b="0.000000" m_c="0.000000" m_d="0.800000" m_tx="0.691774" m_ty="37.755505"/>
  </frame>
  <frame idx="600" w="175" h="202" x="-14.262085" y="-38.675201">
   <element name="symbol0" layername="grog" frame="0" z_index="2" m_a="0.800000" m_b="0.000000" m_c="0.000000" m_d="0.800000" m_tx="0.691774" m_ty="37.755505"/>
  </frame>
  <frame idx="625" w="175" h="202" x="-14.262085" y="-38.675201">
   <element name="symbol0" layername="grog" frame="0" z_index="2" m_a="0.800000" m_b="0.000000" m_c="0.000000" m_d="0.800000" m_tx="0.691774" m_ty="37.755505"/>
  </frame>
  <frame idx="650" w="175" h="202" x="-14.262085" y="-38.675201">
   <element name="symbol0" layername="grog" frame="0" z_index="2" m_a="0.800000" m_b="0.000000" m_c="0.000000" m_d="0.800000" m_tx="0.691774" m_ty="37.755505"/>
  </frame>
  <frame idx="675" w="175" h="202" x="-14.262085" y="-38.675201">
   <element name="symbol0" layername="grog" frame="0" z_index="2" m_a="0.800000" m_b="0.000000" m_c="0.000000" m_d="0.800000" m_tx="0.691774" m_ty="37.755505"/>
  </frame>
  <frame idx="700" w="175" h="202" x="-14.262085" y="-38.675201">
   <element name="symbol0" layername="grog" frame="0" z_index="2" m_a="0.800000" m_b="0.000000" m_c="0.000000" m_d="0.800000" m_tx="0.691774" m_ty="37.755505"/>
  </frame>
  <frame idx="725" w="175" h="202" x="-14.262085" y="-38.675201">
   <element name="symbol0" layername="grog" frame="0" z_index="2" m_a="0.800000" m_b="0.000000" m_c="0.000000" m_d="0.800000" m_tx="0.691774" m_ty="37.755505"/>
  </frame>
  <frame idx="750" w="175" h="202" x="-14.262085" y="-38.675201">
   <element name="symbol0" layername="grog" frame="0" z_index="2" m_a="0.800000" m_b="0.000000" m_c="0.000000" m_d="0.800000" m_tx="0.691774" m_ty="37.755505"/>
  </frame>
  <frame idx="775" w="175" h="202" x="-14.262085" y="-38.675201">
   <element name="symbol0" layername="grog" frame="0" z_index="2" m_a="0.800000" m_b="0.000000" m_c="0.000000" m_d="0.800000" m_tx="0.691774" m_ty="37.755505"/>
  </frame>
  <frame idx="800" w="175" h="202" x="-14.262085" y="-38.675201">
   <element name="symbol0" layername="grog" frame="0" z_index="2" m_a="0.800000" m_b="0.000000" m_c="0.000000" m_d="0.800000" m_tx="0.691774" m_ty="37.755505"/>
  </frame>
  <frame idx="825" w="175" h="202" x="-14.262085" y="-38.675201">
   <element name="symbol0" layername="grog" frame="0" z_index="2" m_a="0.800000" m_b="0.000000" m_c="0.000000" m_d="0.800000" m_tx="0.691774" m_ty="37.755505"/>
  </frame>
  <frame idx="850" w="175" h="202" x="-14.262085" y="-38.675201">
   <element name="symbol0" layername="grog" frame="0" z_index="2" m_a="0.800000" m_b="0.000000" m_c="0.000000" m_d="0.800000" m_tx="0.691774" m_ty="37.755505"/>
  </frame>
  <frame idx="875" w="175" h="202" x="-14.262085" y="-38.675201">
   <element name="symbol0" layername="grog" frame="0" z_index="2" m_a="0.800000" m_b="0.000000" m_c="0.000000" m_d="0.800000" m_tx="0.691774" m_ty="37.755505"/>
  </frame>
  <frame idx="900" w="175" h="202" x="-14.262085" y="-38.675201">
   <element name="symbol0" layername="grog" frame="0" z_index="2" m_a="0.800000" m_b="0.000000" m_c="0.000000" m_d="0.800000" m_tx="0.691774" m_ty="37.755505"/>
  </frame>
  <frame idx="925" w="175" h="202" x="-14.262085" y="-38.675201">
   <element name="symbol0" layername="grog" frame="0" z_index="2" m_a="0.800000" m_b="0.000000" m_c="0.000000" m_d="0.800000" m_tx="0.691774" m_ty="37.755505"/>
  </frame>
  <frame idx="950" w="175" h="202" x="-14.262085" y="-38.675201">
   <element name="symbol0" layername="grog" frame="0" z_index="2" m_a="0.800000" m_b="0.000000" m_c="0.000000" m_d="0.800000" m_tx="0.691774" m_ty="37.755505"/>
  </frame>
  <frame idx="975" w="175" h="202" x="-14.262085" y="-38.675201">
   <element name="symbol0" layername="grog" frame="0" z_index="2" m_a="0.800000" m_b="0.000000" m_c="0.000000" m_d="0.800000" m_tx="0.691774" m_ty="37.755505"/>
  </frame>
 </anim>
</Anims>
