<Anims>
 <anim name="idle_off" root="guywalk" numframes="25" framerate="40">
  <frame idx="0" w="113" h="337" x="41.987473" y="-89.218781">
   <element name="grass" layername="grass" frame="0" z_index="3" m_a="1.000000" m_b="0.000000" m_c="0.000000" m_d="1.000000" m_tx="2.500000" m_ty="-2.150000"/>
   <element name="walking_stick_001" layername="walking_stick" frame="0" z_index="4" m_a="1.000000" m_b="0.000000" m_c="0.000000" m_d="1.000000" m_tx="6.500000" m_ty="-39.000000"/>
  </frame>
 </anim>
 <anim name="idle_on" root="guywalk" numframes="25" framerate="40">
  <frame idx="0" w="325" h="568" x="46.656570" y="-152.554382">
   <element name="grass" layername="grass" frame="0" z_index="2" m_a="1.000000" m_b="0.000000" m_c="0.000000" m_d="1.000000" m_tx="2.500000" m_ty="-2.150000"/>
   <element name="walking_stick_001" layername="walking_stick" frame="0" z_index="3" m_a="1.000000" m_b="0.000000" m_c="0.000000" m_d="1.000000" m_tx="6.500000" m_ty="-39.000000"/>
   <element name="lantern_overlay" layername="lantern_overlay" frame="0" z_index="4" m_a="1.000000" m_b="0.000000" m_c="0.000000" m_d="1.000000" m_tx="45.000000" m_ty="-145.000000"/>
  </frame>
 </anim>
</Anims>
