<Anims>
 <anim name="idle" root="monkeycompass_hud" numframes="25" framerate="40">
  <frame idx="0" w="278" h="268" x="-77.758888" y="-81.257431">
   <element name="compass1" layername="compas" frame="1" z_index="7" m_a="-0.558070" m_b="0.823337" m_c="-0.823337" m_d="-0.558070" m_tx="-0.250000" m_ty="-70.250000"/>
   <element name="arm2" layername="arm2" frame="0" z_index="8" m_a="0.992661" m_b="-0.015265" m_c="-0.015265" m_d="-0.992661" m_tx="-1.800000" m_ty="-18.750000"/>
   <element name="arm1" layername="ar" frame="0" z_index="9" m_a="0.038801" m_b="-0.992417" m_c="-0.992417" m_d="-0.038801" m_tx="-2.750000" m_ty="9.300000"/>
  </frame>
 </anim>
 <anim name="trans_in" root="monkeycompass_hud" numframes="350" framerate="40">
  <frame idx="0" w="278" h="268" x="-77.759003" y="-81.257401">
   <element name="compass1" layername="compas" frame="0" z_index="7" m_a="-0.558070" m_b="0.823337" m_c="-0.823337" m_d="-0.558070" m_tx="-0.250201" m_ty="-70.250000"/>
   <element name="arm2" layername="arm2" frame="0" z_index="8" m_a="0.992661" m_b="-0.015265" m_c="-0.015265" m_d="-0.992661" m_tx="-1.800030" m_ty="-18.750000"/>
   <element name="arm1" layername="ar" frame="0" z_index="9" m_a="0.038801" m_b="-0.992417" m_c="-0.992417" m_d="-0.038801" m_tx="-2.749940" m_ty="9.300060"/>
  </frame>
  <frame idx="25" w="281" h="260" x="-79.270737" y="-77.630760">
   <element name="compass1" layername="compas" frame="0" z_index="7" m_a="-0.496857" m_b="0.860663" m_c="-0.860663" m_d="-0.496857" m_tx="-4.728245" m_ty="-70.039268"/>
   <element name="arm2" layername="arm2" frame="0" z_index="8" m_a="0.989318" m_b="-0.079205" m_c="-0.079205" m_d="-0.989318" m_tx="-2.414662" m_ty="-18.486546"/>
   <element name="arm1" layername="ar" frame="0" z_index="9" m_a="-0.025264" m_b="-0.992565" m_c="-0.992565" m_d="0.025264" m_tx="-1.485558" m_ty="10.511781"/>
  </frame>
  <frame idx="50" w="283" h="253" x="-80.255661" y="-74.464478">
   <element name="compass1" layername="compas" frame="0" z_index="7" m_a="-0.447992" m_b="0.886335" m_c="-0.886335" m_d="-0.447992" m_tx="-8.178236" m_ty="-69.876907"/>
   <element name="arm2" layername="arm2" frame="0" z_index="8" m_a="0.983936" m_b="-0.128238" m_c="-0.128238" m_d="-0.983936" m_tx="-2.888192" m_ty="-18.283628"/>
   <element name="arm1" layername="ar" frame="0" z_index="9" m_a="-0.074534" m_b="-0.989863" m_c="-0.989863" m_d="0.074534" m_tx="-0.511437" m_ty="11.445309"/>
  </frame>
  <frame idx="75" w="284" h="249" x="-80.867630" y="-72.159492">
   <element name="compass1" layername="compas" frame="0" z_index="7" m_a="-0.412131" m_b="0.903043" m_c="-0.903043" m_d="-0.412131" m_tx="-10.652261" m_ty="-69.760468"/>
   <element name="arm2" layername="arm2" frame="0" z_index="8" m_a="0.978580" m_b="-0.163202" m_c="-0.163202" m_d="-0.978580" m_tx="-3.227764" m_ty="-18.138134"/>
   <element name="arm1" layername="ar" frame="0" z_index="9" m_a="-0.109744" m_b="-0.986420" m_c="-0.986420" m_d="0.109744" m_tx="0.187119" m_ty="12.114742"/>
  </frame>
  <frame idx="100" w="284" h="246" x="-81.228355" y="-70.627861">
   <element name="compass1" layername="compas" frame="0" z_index="7" m_a="-0.388180" m_b="0.913254" m_c="-0.913254" m_d="-0.388180" m_tx="-12.281200" m_ty="-69.683800"/>
   <element name="arm2" layername="arm2" frame="0" z_index="8" m_a="0.974376" m_b="-0.186101" m_c="-0.186101" m_d="-0.974376" m_tx="-3.451340" m_ty="-18.042299"/>
   <element name="arm1" layername="ar" frame="0" z_index="9" m_a="-0.132848" m_b="-0.983469" m_c="-0.983469" m_d="0.132848" m_tx="0.647049" m_ty="12.555500"/>
  </frame>
  <frame idx="125" w="284" h="245" x="-81.338318" y="-70.128860">
   <element name="compass1" layername="compas" frame="0" z_index="7" m_a="-0.380357" m_b="0.916429" m_c="-0.916429" m_d="-0.380357" m_tx="-12.809730" m_ty="-69.658951"/>
   <element name="arm2" layername="arm2" frame="0" z_index="8" m_a="0.972898" m_b="-0.193504" m_c="-0.193504" m_d="-0.972898" m_tx="-3.523884" m_ty="-18.011196"/>
   <element name="arm1" layername="ar" frame="0" z_index="9" m_a="-0.140324" m_b="-0.982396" m_c="-0.982396" m_d="0.140324" m_tx="0.796278" m_ty="12.698515"/>
  </frame>
  <frame idx="150" w="284" h="242" x="-80.768356" y="-70.058777">
   <element name="compass1" layername="compas" frame="0" z_index="7" m_a="-0.370588" m_b="0.919795" m_c="-0.919795" m_d="-0.370588" m_tx="-12.927273" m_ty="-69.310555"/>
   <element name="arm2" layername="arm2" frame="0" z_index="8" m_a="0.969011" m_b="-0.210962" m_c="-0.210962" m_d="-0.969011" m_tx="-2.751619" m_ty="-17.845188"/>
   <element name="arm1" layername="ar" frame="0" z_index="9" m_a="-0.099239" m_b="-0.987259" m_c="-0.987259" m_d="0.099239" m_tx="0.327425" m_ty="12.462097"/>
  </frame>
  <frame idx="175" w="281" h="233" x="-78.614037" y="-69.152626">
   <element name="compass1" layername="compas" frame="0" z_index="7" m_a="-0.334186" m_b="0.933186" m_c="-0.933186" m_d="-0.334186" m_tx="-12.528788" m_ty="-67.931717"/>
   <element name="arm2" layername="arm2" frame="0" z_index="8" m_a="0.959273" m_b="-0.249173" m_c="-0.249173" m_d="-0.959273" m_tx="-0.675369" m_ty="-17.442543"/>
   <element name="arm1" layername="ar" frame="0" z_index="9" m_a="0.015253" m_b="-0.991803" m_c="-0.991803" m_d="-0.015253" m_tx="-1.031575" m_ty="11.713388"/>
  </frame>
  <frame idx="200" w="272" h="214" x="-73.592270" y="-64.221436">
   <element name="compass1" layername="compas" frame="0" z_index="7" m_a="-0.241493" m_b="0.961849" m_c="-0.961849" m_d="-0.241493" m_tx="-11.525000" m_ty="-64.749901"/>
   <element name="arm2" layername="arm2" frame="0" z_index="8" m_a="0.937324" m_b="-0.318598" m_c="-0.318598" m_d="-0.937324" m_tx="3.162040" m_ty="-16.698299"/>
   <element name="arm1" layername="ar" frame="0" z_index="9" m_a="0.225009" m_b="-0.965468" m_c="-0.965468" m_d="-0.225009" m_tx="-3.543340" m_ty="10.329600"/>
  </frame>
  <frame idx="225" w="263" h="194" x="-66.847931" y="-59.961651">
   <element name="compass1" layername="compas" frame="0" z_index="7" m_a="-0.149231" m_b="0.980883" m_c="-0.980883" m_d="-0.149231" m_tx="-10.550735" m_ty="-61.661739"/>
   <element name="arm2" layername="arm2" frame="0" z_index="8" m_a="0.882768" m_b="-0.443465" m_c="-0.443465" m_d="-0.882768" m_tx="10.359069" m_ty="-15.302491"/>
   <element name="arm1" layername="ar" frame="0" z_index="9" m_a="0.583041" m_b="-0.800415" m_c="-0.800415" m_d="-0.583041" m_tx="-8.254119" m_ty="7.734306"/>
  </frame>
  <frame idx="250" w="257" h="204" x="-56.612877" y="-65.111649">
   <element name="compass1" layername="compas" frame="0" z_index="7" m_a="-0.289446" m_b="0.948148" m_c="-0.948148" m_d="-0.289446" m_tx="7.157577" m_ty="-56.331818"/>
   <element name="arm2" layername="arm2" frame="0" z_index="8" m_a="0.931884" m_b="-0.322156" m_c="-0.322156" m_d="-0.931884" m_tx="21.580303" m_ty="-8.012121"/>
   <element name="arm1" layername="ar" frame="0" z_index="9" m_a="0.886307" m_b="-0.438530" m_c="-0.438530" m_d="-0.886307" m_tx="-5.125757" m_ty="4.303030"/>
  </frame>
  <frame idx="275" w="240" h="217" x="-45.561874" y="-70.296860">
   <element name="compass1" layername="compas" frame="0" z_index="7" m_a="-0.488853" m_b="0.827485" m_c="-0.827485" m_d="-0.488853" m_tx="27.090910" m_ty="-47.692425"/>
   <element name="arm2" layername="arm2" frame="0" z_index="8" m_a="0.980978" m_b="-0.084530" m_c="-0.084530" m_d="-0.980978" m_tx="29.768183" m_ty="2.266667"/>
   <element name="arm1" layername="ar" frame="0" z_index="9" m_a="0.987520" m_b="0.000719" m_c="0.000719" m_d="-0.987520" m_tx="-0.557576" m_ty="1.043939"/>
  </frame>
  <frame idx="300" w="219" h="209" x="-39.052490" y="-60.685959">
   <element name="compass1" layername="compas" frame="0" z_index="7" m_a="-0.546430" m_b="0.676836" m_c="-0.676836" m_d="-0.546430" m_tx="31.750000" m_ty="-34.700001"/>
   <element name="arm2" layername="arm2" frame="0" z_index="8" m_a="0.980927" m_b="0.078820" m_c="0.078820" m_d="-0.980927" m_tx="26.700001" m_ty="11.850000"/>
   <element name="arm1" layername="ar" frame="0" z_index="9" m_a="0.937179" m_b="0.308473" m_c="0.308473" m_d="-0.937179" m_tx="-2.300000" m_ty="-0.850000"/>
  </frame>
  <frame idx="325" w="176" h="129" x="-32.583275" y="-30.355991">
   <element name="compass1" layername="compas" frame="0" z_index="7" m_a="-0.369802" m_b="0.617491" m_c="-0.617491" m_d="-0.369802" m_tx="33.588234" m_ty="1.623528"/>
   <element name="arm2" layername="arm2" frame="0" z_index="8" m_a="0.986353" m_b="0.043946" m_c="0.043946" m_d="-0.986353" m_tx="16.065662" m_ty="0.432090"/>
   <element name="arm1" layername="ar" frame="0" z_index="9" m_a="0.921355" m_b="-0.359699" m_c="-0.359699" m_d="-0.921355" m_tx="-2.467888" m_ty="2.937336"/>
  </frame>
 </anim>
 <anim name="trans_out" root="monkeycompass_hud" numframes="425" framerate="40">
  <frame idx="0" w="46" h="96" x="10.335360" y="-13.043777">
   <element name="compass1" layername="compas" frame="0" z_index="7" m_a="0.121735" m_b="-0.350601" m_c="0.350601" m_d="0.121735" m_tx="38.150002" m_ty="24.350000"/>
   <element name="arm2" layername="arm2" frame="0" z_index="8" m_a="-0.961334" m_b="0.253129" m_c="0.253129" m_d="0.961334" m_tx="29.100000" m_ty="-13.600000"/>
   <element name="arm1" layername="ar" frame="0" z_index="9" m_a="0.870348" m_b="-0.474805" m_c="-0.474805" m_d="-0.870348" m_tx="-1.400000" m_ty="4.100000"/>
  </frame>
  <frame idx="25" w="59" h="143" x="16.882290" y="-29.887859">
   <element name="compass1" layername="compas" frame="0" z_index="7" m_a="-0.000901" m_b="-0.586009" m_c="0.586009" m_d="-0.000901" m_tx="44.105881" m_ty="14.975000"/>
   <element name="arm2" layername="arm2" frame="0" z_index="8" m_a="-0.818087" m_b="0.564452" m_c="0.564452" m_d="0.818087" m_tx="22.298531" m_ty="-17.497059"/>
   <element name="arm1" layername="ar" frame="0" z_index="9" m_a="0.766034" m_b="-0.629047" m_c="-0.629047" m_d="-0.766034" m_tx="-0.945004" m_ty="4.191000"/>
  </frame>
  <frame idx="50" w="84" h="236" x="17.224621" y="-66.748825">
   <element name="compass1" layername="compas" frame="0" z_index="7" m_a="-0.377575" m_b="-0.686238" m_c="0.686238" m_d="-0.377575" m_tx="47.534702" m_ty="-3.672921"/>
   <element name="arm2" layername="arm2" frame="0" z_index="8" m_a="-0.429358" m_b="0.895990" m_c="0.895990" m_d="0.429358" m_tx="9.183256" m_ty="-21.227224"/>
   <element name="arm1" layername="ar" frame="0" z_index="9" m_a="0.375117" m_b="-0.916867" m_c="-0.916867" m_d="-0.375117" m_tx="0.252126" m_ty="4.430432"/>
  </frame>
  <frame idx="75" w="130" h="290" x="-5.979458" y="-89.716782">
   <element name="compass1" layername="compas" frame="0" z_index="7" m_a="-0.747414" m_b="-0.529098" m_c="0.529098" m_d="-0.747414" m_tx="47.439144" m_ty="-21.645782"/>
   <element name="arm2" layername="arm2" frame="0" z_index="8" m_a="0.021990" m_b="0.992897" m_c="0.992897" m_d="-0.021990" m_tx="-2.934982" m_ty="-23.096893"/>
   <element name="arm1" layername="ar" frame="0" z_index="9" m_a="-0.103635" m_b="-0.984521" m_c="-0.984521" m_d="0.103635" m_tx="1.553063" m_ty="4.737896"/>
  </frame>
  <frame idx="100" w="142" h="296" x="-18.981079" y="-89.977043">
   <element name="compass1" layername="compas" frame="0" z_index="7" m_a="-0.831531" m_b="-0.420219" m_c="0.420219" m_d="-0.831531" m_tx="42.874901" m_ty="-27.100100"/>
   <element name="arm2" layername="arm2" frame="0" z_index="8" m_a="0.173379" m_b="0.977591" m_c="0.977591" m_d="-0.173379" m_tx="-5.387550" m_ty="-21.212500"/>
   <element name="arm1" layername="ar" frame="0" z_index="9" m_a="-0.223435" m_b="-0.963963" m_c="-0.963963" m_d="0.223435" m_tx="2.187510" m_ty="5.012510"/>
  </frame>
  <frame idx="125" w="156" h="300" x="-27.403435" y="-89.029694">
   <element name="compass1" layername="compas" frame="0" z_index="7" m_a="-0.897822" m_b="-0.301696" m_c="0.301696" m_d="-0.897822" m_tx="38.444752" m_ty="-32.394291"/>
   <element name="arm2" layername="arm2" frame="0" z_index="8" m_a="0.316376" m_b="0.940790" m_c="0.940790" m_d="-0.316376" m_tx="-7.768086" m_ty="-19.383381"/>
   <element name="arm1" layername="ar" frame="0" z_index="9" m_a="-0.336416" m_b="-0.930121" m_c="-0.930121" m_d="0.336416" m_tx="2.803326" m_ty="5.279054"/>
  </frame>
  <frame idx="150" w="170" h="297" x="-32.885262" y="-86.876595">
   <element name="compass1" layername="compas" frame="0" z_index="7" m_a="-0.947775" m_b="-0.170168" m_c="0.170168" m_d="-0.947775" m_tx="33.928783" m_ty="-37.790966"/>
   <element name="arm2" layername="arm2" frame="0" z_index="8" m_a="0.454840" m_b="0.881887" m_c="0.881887" m_d="-0.454840" m_tx="-10.194738" m_ty="-17.518887"/>
   <element name="arm1" layername="ar" frame="0" z_index="9" m_a="-0.446550" m_b="-0.882060" m_c="-0.882060" m_d="0.446550" m_tx="3.431066" m_ty="5.550758"/>
  </frame>
  <frame idx="175" w="180" h="292" x="-38.108192" y="-83.541145">
   <element name="compass1" layername="compas" frame="0" z_index="7" m_a="-0.978447" m_b="-0.028930" m_c="0.028930" m_d="-0.978447" m_tx="29.364470" m_ty="-43.245380"/>
   <element name="arm2" layername="arm2" frame="0" z_index="8" m_a="0.584073" m_b="0.801799" m_c="0.801799" m_d="-0.584073" m_tx="-12.647300" m_ty="-15.634493"/>
   <element name="arm1" layername="ar" frame="0" z_index="9" m_a="-0.551058" m_b="-0.820305" m_c="-0.820305" m_d="0.551058" m_tx="4.065496" m_ty="5.825386"/>
  </frame>
  <frame idx="200" w="203" h="300" x="-48.061287" y="-84.305626">
   <element name="compass1" layername="compas" frame="0" z_index="7" m_a="-0.987837" m_b="0.117653" m_c="-0.117653" m_d="-0.987837" m_tx="24.799999" m_ty="-48.700001"/>
   <element name="arm2" layername="arm2" frame="0" z_index="8" m_a="0.699524" m_b="0.702926" m_c="0.702926" m_d="-0.699524" m_tx="-15.099800" m_ty="-13.750100"/>
   <element name="arm1" layername="ar" frame="0" z_index="9" m_a="-0.647164" m_b="-0.746237" m_c="-0.746237" m_d="0.647164" m_tx="4.699890" m_ty="6.100060"/>
  </frame>
  <frame idx="225" w="267" h="296" x="-71.756866" y="-86.549866">
   <element name="compass1" layername="compas" frame="0" z_index="7" m_a="-0.814767" m_b="0.569761" m_c="-0.569761" m_d="-0.814767" m_tx="8.329412" m_ty="-63.663239"/>
   <element name="arm2" layername="arm2" frame="0" z_index="8" m_a="0.958194" m_b="0.255720" m_c="0.255720" m_d="-0.958194" m_tx="-8.119396" m_ty="-17.026644"/>
   <element name="arm1" layername="ar" frame="0" z_index="9" m_a="-0.316902" m_b="-0.936886" m_c="-0.936886" m_d="0.316902" m_tx="0.882036" m_ty="8.122950"/>
  </frame>
  <frame idx="250" w="281" h="275" x="-80.544395" y="-82.231522">
   <element name="compass1" layername="compas" frame="0" z_index="7" m_a="-0.606174" m_b="0.788074" m_c="-0.788074" m_d="-0.606174" m_tx="-2.157522" m_ty="-70.165154"/>
   <element name="arm2" layername="arm2" frame="0" z_index="8" m_a="0.991315" m_b="-0.029575" m_c="-0.029575" m_d="-0.991315" m_tx="-4.269979" m_ty="-18.833496"/>
   <element name="arm1" layername="ar" frame="0" z_index="9" m_a="-0.110677" m_b="-0.983519" m_c="-0.983519" m_d="0.110677" m_tx="-1.223358" m_ty="9.238487"/>
  </frame>
  <frame idx="275" w="283" h="261" x="-80.402496" y="-78.825264">
   <element name="compass1" layername="compas" frame="0" z_index="7" m_a="-0.500312" m_b="0.859488" m_c="-0.859488" m_d="-0.500312" m_tx="-6.346576" m_ty="-71.243523"/>
   <element name="arm2" layername="arm2" frame="0" z_index="8" m_a="0.984093" m_b="-0.123907" m_c="-0.123907" m_d="-0.984093" m_tx="-2.748353" m_ty="-19.427418"/>
   <element name="arm1" layername="ar" frame="0" z_index="9" m_a="-0.025836" m_b="-0.989955" m_c="-0.989955" m_d="0.025836" m_tx="-2.072602" m_ty="9.616116"/>
  </frame>
  <frame idx="300" w="282" h="263" x="-79.534592" y="-79.781288">
   <element name="compass1" layername="compas" frame="0" z_index="7" m_a="-0.519932" m_b="0.847821" m_c="-0.847821" m_d="-0.519932" m_tx="-4.304970" m_ty="-70.910797"/>
   <element name="arm2" layername="arm2" frame="0" z_index="8" m_a="0.988291" m_b="-0.087646" m_c="-0.087646" m_d="-0.988291" m_tx="-2.430770" m_ty="-19.200600"/>
   <element name="arm1" layername="ar" frame="0" z_index="9" m_a="-0.004238" m_b="-0.991248" m_c="-0.991248" m_d="0.004238" m_tx="-2.299450" m_ty="9.510260"/>
  </frame>
  <frame idx="325" w="280" h="264" x="-78.946716" y="-80.309944">
   <element name="compass1" layername="compas" frame="0" z_index="7" m_a="-0.532847" m_b="0.839803" m_c="-0.839803" m_d="-0.532847" m_tx="-2.944919" m_ty="-70.689178"/>
   <element name="arm2" layername="arm2" frame="0" z_index="8" m_a="0.990346" m_b="-0.063411" m_c="-0.063411" m_d="-0.990346" m_tx="-2.219211" m_ty="-19.049423"/>
   <element name="arm1" layername="ar" frame="0" z_index="9" m_a="0.010181" m_b="-0.991848" m_c="-0.991848" m_d="-0.010181" m_tx="-2.450568" m_ty="9.439737"/>
  </frame>
  <frame idx="350" w="279" h="266" x="-78.470421" y="-80.695412">
   <element name="compass1" layername="compas" frame="0" z_index="7" m_a="-0.543099" m_b="0.833241" m_c="-0.833241" m_d="-0.543099" m_tx="-1.855959" m_ty="-70.511703"/>
   <element name="arm2" layername="arm2" frame="0" z_index="8" m_a="0.991562" m_b="-0.043975" m_c="-0.043975" m_d="-0.991562" m_tx="-2.049819" m_ty="-18.928431"/>
   <element name="arm1" layername="ar" frame="0" z_index="9" m_a="0.021737" m_b="-0.992177" m_c="-0.992177" m_d="-0.021737" m_tx="-2.571559" m_ty="9.383271"/>
  </frame>
  <frame idx="375" w="279" h="267" x="-78.111832" y="-80.980766">
   <element name="compass1" layername="compas" frame="0" z_index="7" m_a="-0.550697" m_b="0.828263" m_c="-0.828263" m_d="-0.550697" m_tx="-1.043502" m_ty="-70.379295"/>
   <element name="arm2" layername="arm2" frame="0" z_index="8" m_a="0.992221" m_b="-0.029456" m_c="-0.029456" m_d="-0.992221" m_tx="-1.923434" m_ty="-18.838184"/>
   <element name="arm1" layername="ar" frame="0" z_index="9" m_a="0.030364" m_b="-0.992335" m_c="-0.992335" m_d="-0.030364" m_tx="-2.661830" m_ty="9.341143"/>
  </frame>
  <frame idx="400" w="278" h="268" x="-77.868050" y="-81.172661">
   <element name="compass1" layername="compas" frame="0" z_index="7" m_a="-0.555809" m_b="0.824858" m_c="-0.824858" m_d="-0.555809" m_tx="-0.494570" m_ty="-70.289902"/>
   <element name="arm2" layername="arm2" frame="0" z_index="8" m_a="0.992547" m_b="-0.019630" m_c="-0.019630" m_d="-0.992547" m_tx="-1.838040" m_ty="-18.777201"/>
   <element name="arm1" layername="ar" frame="0" z_index="9" m_a="0.036198" m_b="-0.992399" m_c="-0.992399" m_d="-0.036198" m_tx="-2.722830" m_ty="9.312680"/>
  </frame>
 </anim>
</Anims>
