<Anims>
 <anim name="Idle" root="guycoin" numframes="1000" framerate="40">
  <frame idx="0" w="90" h="71" x="-7.683182" y="9.428555">
   <element name="symbol0" layername="guycoin" frame="0" z_index="1" m_a="0.988246" m_b="0.152869" m_c="-0.152869" m_d="0.988246" m_tx="-0.536282" m_ty="-0.517866"/>
  </frame>
  <frame idx="25" w="90" h="71" x="-7.683182" y="9.428555">
   <element name="symbol0" layername="guycoin" frame="0" z_index="1" m_a="0.988246" m_b="0.152869" m_c="-0.152869" m_d="0.988246" m_tx="-0.536282" m_ty="-0.517866"/>
  </frame>
  <frame idx="50" w="90" h="71" x="-7.683182" y="9.428555">
   <element name="symbol0" layername="guycoin" frame="0" z_index="1" m_a="0.988246" m_b="0.152869" m_c="-0.152869" m_d="0.988246" m_tx="-0.536282" m_ty="-0.517866"/>
  </frame>
  <frame idx="75" w="90" h="71" x="-7.683182" y="9.428555">
   <element name="symbol0" layername="guycoin" frame="0" z_index="1" m_a="0.988246" m_b="0.152869" m_c="-0.152869" m_d="0.988246" m_tx="-0.536282" m_ty="-0.517866"/>
  </frame>
  <frame idx="100" w="90" h="71" x="-7.683182" y="9.428555">
   <element name="symbol0" layername="guycoin" frame="0" z_index="1" m_a="0.988246" m_b="0.152869" m_c="-0.152869" m_d="0.988246" m_tx="-0.536282" m_ty="-0.517866"/>
  </frame>
  <frame idx="125" w="90" h="71" x="-7.683182" y="9.428555">
   <element name="symbol0" layername="guycoin" frame="0" z_index="1" m_a="0.988246" m_b="0.152869" m_c="-0.152869" m_d="0.988246" m_tx="-0.536282" m_ty="-0.517866"/>
  </frame>
  <frame idx="150" w="90" h="71" x="-7.683182" y="9.428555">
   <element name="symbol0" layername="guycoin" frame="0" z_index="1" m_a="0.988246" m_b="0.152869" m_c="-0.152869" m_d="0.988246" m_tx="-0.536282" m_ty="-0.517866"/>
  </frame>
  <frame idx="175" w="90" h="71" x="-7.683182" y="9.428555">
   <element name="symbol0" layername="guycoin" frame="0" z_index="1" m_a="0.988246" m_b="0.152869" m_c="-0.152869" m_d="0.988246" m_tx="-0.536282" m_ty="-0.517866"/>
  </frame>
  <frame idx="200" w="90" h="71" x="-7.683182" y="9.428555">
   <element name="symbol0" layername="guycoin" frame="0" z_index="1" m_a="0.988246" m_b="0.152869" m_c="-0.152869" m_d="0.988246" m_tx="-0.536282" m_ty="-0.517866"/>
  </frame>
  <frame idx="225" w="90" h="71" x="-7.683182" y="9.428555">
   <element name="symbol0" layername="guycoin" frame="0" z_index="1" m_a="0.988246" m_b="0.152869" m_c="-0.152869" m_d="0.988246" m_tx="-0.536282" m_ty="-0.517866"/>
  </frame>
  <frame idx="250" w="90" h="71" x="-7.683182" y="9.428555">
   <element name="symbol0" layername="guycoin" frame="0" z_index="1" m_a="0.988246" m_b="0.152869" m_c="-0.152869" m_d="0.988246" m_tx="-0.536282" m_ty="-0.517866"/>
  </frame>
  <frame idx="275" w="90" h="71" x="-7.683182" y="9.428555">
   <element name="symbol0" layername="guycoin" frame="0" z_index="1" m_a="0.988246" m_b="0.152869" m_c="-0.152869" m_d="0.988246" m_tx="-0.536282" m_ty="-0.517866"/>
  </frame>
  <frame idx="300" w="90" h="71" x="-7.683182" y="9.428555">
   <element name="symbol0" layername="guycoin" frame="0" z_index="1" m_a="0.988246" m_b="0.152869" m_c="-0.152869" m_d="0.988246" m_tx="-0.536282" m_ty="-0.517866"/>
  </frame>
  <frame idx="325" w="90" h="71" x="-7.683182" y="9.428555">
   <element name="symbol0" layername="guycoin" frame="0" z_index="1" m_a="0.988246" m_b="0.152869" m_c="-0.152869" m_d="0.988246" m_tx="-0.536282" m_ty="-0.517866"/>
  </frame>
  <frame idx="350" w="90" h="71" x="-7.683182" y="9.428555">
   <element name="symbol0" layername="guycoin" frame="0" z_index="1" m_a="0.988246" m_b="0.152869" m_c="-0.152869" m_d="0.988246" m_tx="-0.536282" m_ty="-0.517866"/>
  </frame>
  <frame idx="375" w="90" h="71" x="-7.683182" y="9.428555">
   <element name="symbol0" layername="guycoin" frame="0" z_index="1" m_a="0.988246" m_b="0.152869" m_c="-0.152869" m_d="0.988246" m_tx="-0.536282" m_ty="-0.517866"/>
  </frame>
  <frame idx="400" w="90" h="71" x="-7.683182" y="9.428555">
   <element name="symbol0" layername="guycoin" frame="0" z_index="1" m_a="0.988246" m_b="0.152869" m_c="-0.152869" m_d="0.988246" m_tx="-0.536282" m_ty="-0.517866"/>
  </frame>
  <frame idx="425" w="90" h="71" x="-7.683182" y="9.428555">
   <element name="symbol0" layername="guycoin" frame="0" z_index="1" m_a="0.988246" m_b="0.152869" m_c="-0.152869" m_d="0.988246" m_tx="-0.536282" m_ty="-0.517866"/>
  </frame>
  <frame idx="450" w="90" h="71" x="-7.683182" y="9.428555">
   <element name="symbol0" layername="guycoin" frame="0" z_index="1" m_a="0.988246" m_b="0.152869" m_c="-0.152869" m_d="0.988246" m_tx="-0.536282" m_ty="-0.517866"/>
  </frame>
  <frame idx="475" w="90" h="71" x="-7.683182" y="9.428555">
   <element name="symbol0" layername="guycoin" frame="0" z_index="1" m_a="0.988246" m_b="0.152869" m_c="-0.152869" m_d="0.988246" m_tx="-0.536282" m_ty="-0.517866"/>
  </frame>
  <frame idx="500" w="90" h="71" x="-7.683182" y="9.428555">
   <element name="symbol0" layername="guycoin" frame="0" z_index="1" m_a="0.988246" m_b="0.152869" m_c="-0.152869" m_d="0.988246" m_tx="-0.536282" m_ty="-0.517866"/>
  </frame>
  <frame idx="525" w="90" h="71" x="-7.683182" y="9.428555">
   <element name="symbol0" layername="guycoin" frame="0" z_index="1" m_a="0.988246" m_b="0.152869" m_c="-0.152869" m_d="0.988246" m_tx="-0.536282" m_ty="-0.517866"/>
  </frame>
  <frame idx="550" w="90" h="71" x="-7.683182" y="9.428555">
   <element name="symbol0" layername="guycoin" frame="0" z_index="1" m_a="0.988246" m_b="0.152869" m_c="-0.152869" m_d="0.988246" m_tx="-0.536282" m_ty="-0.517866"/>
  </frame>
  <frame idx="575" w="90" h="71" x="-7.683182" y="9.428555">
   <element name="symbol0" layername="guycoin" frame="0" z_index="1" m_a="0.988246" m_b="0.152869" m_c="-0.152869" m_d="0.988246" m_tx="-0.536282" m_ty="-0.517866"/>
  </frame>
  <frame idx="600" w="90" h="71" x="-7.683182" y="9.428555">
   <element name="symbol0" layername="guycoin" frame="0" z_index="1" m_a="0.988246" m_b="0.152869" m_c="-0.152869" m_d="0.988246" m_tx="-0.536282" m_ty="-0.517866"/>
  </frame>
  <frame idx="625" w="90" h="71" x="-7.683182" y="9.428555">
   <element name="symbol0" layername="guycoin" frame="0" z_index="1" m_a="0.988246" m_b="0.152869" m_c="-0.152869" m_d="0.988246" m_tx="-0.536282" m_ty="-0.517866"/>
  </frame>
  <frame idx="650" w="90" h="71" x="-7.683182" y="9.428555">
   <element name="symbol0" layername="guycoin" frame="0" z_index="1" m_a="0.988246" m_b="0.152869" m_c="-0.152869" m_d="0.988246" m_tx="-0.536282" m_ty="-0.517866"/>
  </frame>
  <frame idx="675" w="90" h="71" x="-7.683182" y="9.428555">
   <element name="symbol0" layername="guycoin" frame="0" z_index="1" m_a="0.988246" m_b="0.152869" m_c="-0.152869" m_d="0.988246" m_tx="-0.536282" m_ty="-0.517866"/>
  </frame>
  <frame idx="700" w="90" h="71" x="-7.683182" y="9.428555">
   <element name="symbol0" layername="guycoin" frame="0" z_index="1" m_a="0.988246" m_b="0.152869" m_c="-0.152869" m_d="0.988246" m_tx="-0.536282" m_ty="-0.517866"/>
  </frame>
  <frame idx="725" w="90" h="71" x="-7.683182" y="9.428555">
   <element name="symbol0" layername="guycoin" frame="0" z_index="1" m_a="0.988246" m_b="0.152869" m_c="-0.152869" m_d="0.988246" m_tx="-0.536282" m_ty="-0.517866"/>
  </frame>
  <frame idx="750" w="90" h="71" x="-7.683182" y="9.428555">
   <element name="symbol0" layername="guycoin" frame="0" z_index="1" m_a="0.988246" m_b="0.152869" m_c="-0.152869" m_d="0.988246" m_tx="-0.536282" m_ty="-0.517866"/>
  </frame>
  <frame idx="775" w="90" h="71" x="-7.683182" y="9.428555">
   <element name="symbol0" layername="guycoin" frame="0" z_index="1" m_a="0.988246" m_b="0.152869" m_c="-0.152869" m_d="0.988246" m_tx="-0.536282" m_ty="-0.517866"/>
  </frame>
  <frame idx="800" w="90" h="71" x="-7.683182" y="9.428555">
   <element name="symbol0" layername="guycoin" frame="0" z_index="1" m_a="0.988246" m_b="0.152869" m_c="-0.152869" m_d="0.988246" m_tx="-0.536282" m_ty="-0.517866"/>
  </frame>
  <frame idx="825" w="90" h="71" x="-7.683182" y="9.428555">
   <element name="symbol0" layername="guycoin" frame="0" z_index="1" m_a="0.988246" m_b="0.152869" m_c="-0.152869" m_d="0.988246" m_tx="-0.536282" m_ty="-0.517866"/>
  </frame>
  <frame idx="850" w="90" h="71" x="-7.683182" y="9.428555">
   <element name="symbol0" layername="guycoin" frame="0" z_index="1" m_a="0.988246" m_b="0.152869" m_c="-0.152869" m_d="0.988246" m_tx="-0.536282" m_ty="-0.517866"/>
  </frame>
  <frame idx="875" w="90" h="71" x="-7.683182" y="9.428555">
   <element name="symbol0" layername="guycoin" frame="0" z_index="1" m_a="0.988246" m_b="0.152869" m_c="-0.152869" m_d="0.988246" m_tx="-0.536282" m_ty="-0.517866"/>
  </frame>
  <frame idx="900" w="90" h="71" x="-7.683182" y="9.428555">
   <element name="symbol0" layername="guycoin" frame="0" z_index="1" m_a="0.988246" m_b="0.152869" m_c="-0.152869" m_d="0.988246" m_tx="-0.536282" m_ty="-0.517866"/>
  </frame>
  <frame idx="925" w="90" h="71" x="-7.683182" y="9.428555">
   <element name="symbol0" layername="guycoin" frame="0" z_index="1" m_a="0.988246" m_b="0.152869" m_c="-0.152869" m_d="0.988246" m_tx="-0.536282" m_ty="-0.517866"/>
  </frame>
  <frame idx="950" w="90" h="71" x="-7.683182" y="9.428555">
   <element name="symbol0" layername="guycoin" frame="0" z_index="1" m_a="0.988246" m_b="0.152869" m_c="-0.152869" m_d="0.988246" m_tx="-0.536282" m_ty="-0.517866"/>
  </frame>
  <frame idx="975" w="90" h="71" x="-7.683182" y="9.428555">
   <element name="symbol0" layername="guycoin" frame="0" z_index="1" m_a="0.988246" m_b="0.152869" m_c="-0.152869" m_d="0.988246" m_tx="-0.536282" m_ty="-0.517866"/>
  </frame>
 </anim>
</Anims>
