<Anims>
 <anim name="ta" root="boat_bumper" numframes="50" framerate="40">
  <frame idx="0" w="599" h="291" x="-5.724945" y="17.950012">
   <element name="bumper_body" layername="bumper_body" frame="0" z_index="0" m_a="1.000000" m_b="0.000000" m_c="0.000000" m_d="1.000000" m_tx="-11.750000" m_ty="155.850006"/>
  </frame>
  <frame idx="25" w="599" h="291" x="-5.724945" y="17.950012">
   <element name="bumper_body" layername="bumper_body" frame="0" z_index="0" m_a="1.000000" m_b="0.000000" m_c="0.000000" m_d="1.000000" m_tx="-11.750000" m_ty="155.850006"/>
  </frame>
 </anim>
</Anims>
