<Anims>
 <anim name="grog_edge_anim" root="drunkenness_grog" numframes="100" framerate="40">
  <frame idx="0" w="88" h="93" x="0.500481" y="0.426537">
   <element name="frame_circle" layername="frame_circle" frame="0" z_index="2" m_a="1.000000" m_b="0.000000" m_c="0.000000" m_d="1.000000" m_tx="0.500480" m_ty="0.426536"/>
  </frame>
  <frame idx="25" w="88" h="93" x="0.500481" y="0.426537">
   <element name="frame_circle" layername="frame_circle" frame="0" z_index="2" m_a="1.000000" m_b="0.000000" m_c="0.000000" m_d="1.000000" m_tx="0.500480" m_ty="0.426536"/>
  </frame>
  <frame idx="50" w="88" h="93" x="0.500481" y="0.426537">
   <element name="frame_circle" layername="frame_circle" frame="0" z_index="2" m_a="1.000000" m_b="0.000000" m_c="0.000000" m_d="1.000000" m_tx="0.500480" m_ty="0.426536"/>
  </frame>
  <frame idx="75" w="88" h="93" x="0.500481" y="0.426537">
   <element name="frame_circle" layername="frame_circle" frame="0" z_index="2" m_a="1.000000" m_b="0.000000" m_c="0.000000" m_d="1.000000" m_tx="0.500480" m_ty="0.426536"/>
  </frame>
 </anim>
 <anim name="transform" root="drunkenness_grog" numframes="100" framerate="40">
  <frame idx="0" w="88" h="93" x="0.000000" y="0.000000">
   <element name="frame_circle" layername="frame_circle" frame="1" z_index="2" m_a="1.000000" m_b="0.000000" m_c="0.000000" m_d="1.000000" m_tx="0.000000" m_ty="0.000000"/>
  </frame>
  <frame idx="25" w="88" h="93" x="0.000000" y="0.000000">
   <element name="frame_circle" layername="frame_circle" frame="1" z_index="2" m_a="1.000000" m_b="0.000000" m_c="0.000000" m_d="1.000000" m_tx="0.000000" m_ty="0.000000"/>
  </frame>
  <frame idx="50" w="88" h="93" x="0.000000" y="0.000000">
   <element name="frame_circle" layername="frame_circle" frame="1" z_index="2" m_a="1.000000" m_b="0.000000" m_c="0.000000" m_d="1.000000" m_tx="0.000000" m_ty="0.000000"/>
  </frame>
  <frame idx="75" w="88" h="93" x="0.000000" y="0.000000">
   <element name="frame_circle" layername="frame_circle" frame="1" z_index="2" m_a="1.000000" m_b="0.000000" m_c="0.000000" m_d="1.000000" m_tx="0.000000" m_ty="0.000000"/>
  </frame>
 </anim>
</Anims>
