<Anims>
 <anim name="idle" root="monkeycompass" numframes="1950" framerate="40">
  <frame idx="0" w="226" h="153" x="0.750000" y="-13.212482">
   <element name="compassmiddle" layername="compassmiddle" frame="0" z_index="1" m_a="1.000000" m_b="0.000000" m_c="0.000000" m_d="1.000000" m_tx="0.400000" m_ty="-44.150002"/>
   <element name="needle" layername="needle" frame="0" z_index="2" m_a="0.836685" m_b="-0.000006" m_c="0.000002" m_d="0.322510" m_tx="0.450000" m_ty="-37.150002"/>
   <element name="compassbase" layername="compassbase" frame="0" z_index="3" m_a="1.000000" m_b="0.000000" m_c="0.000000" m_d="1.000000" m_tx="-3.200000" m_ty="-21.549999"/>
   <element name="compassshadow" layername="compassshadow" frame="0" z_index="4" m_a="1.000000" m_b="0.000000" m_c="0.000000" m_d="1.000000" m_tx="0.750000" m_ty="18.150000"/>
  </frame>
  <frame idx="25" w="226" h="153" x="0.750000" y="-13.212482">
   <element name="compassmiddle" layername="compassmiddle" frame="0" z_index="1" m_a="1.000000" m_b="0.000000" m_c="0.000000" m_d="1.000000" m_tx="0.400000" m_ty="-44.150002"/>
   <element name="needle" layername="needle" frame="0" z_index="2" m_a="0.833177" m_b="-0.059949" m_c="0.023351" m_d="0.324528" m_tx="0.450000" m_ty="-37.150002"/>
   <element name="compassbase" layername="compassbase" frame="0" z_index="3" m_a="1.000000" m_b="0.000000" m_c="0.000000" m_d="1.000000" m_tx="-3.200000" m_ty="-21.549999"/>
   <element name="compassshadow" layername="compassshadow" frame="0" z_index="4" m_a="1.000000" m_b="0.000000" m_c="0.000000" m_d="1.000000" m_tx="0.750000" m_ty="18.150000"/>
  </frame>
  <frame idx="50" w="226" h="167" x="0.750000" y="-16.944633">
   <element name="compassmiddle" layername="compassmiddle" frame="0" z_index="1" m_a="1.000000" m_b="0.000000" m_c="0.000000" m_d="1.000000" m_tx="0.400000" m_ty="-44.150002"/>
   <element name="needle" layername="needle" frame="0" z_index="2" m_a="0.825241" m_b="-0.112973" m_c="0.044874" m_d="0.327793" m_tx="0.450000" m_ty="-37.150002"/>
   <element name="compassbase" layername="compassbase" frame="0" z_index="3" m_a="1.000000" m_b="0.000000" m_c="0.000000" m_d="1.000000" m_tx="-3.200000" m_ty="-21.549999"/>
   <element name="compassshadow" layername="compassshadow" frame="0" z_index="4" m_a="1.000000" m_b="0.000000" m_c="0.000000" m_d="1.000000" m_tx="0.750000" m_ty="18.150000"/>
  </frame>
  <frame idx="75" w="226" h="178" x="0.750000" y="-20.334045">
   <element name="compassmiddle" layername="compassmiddle" frame="0" z_index="1" m_a="1.000000" m_b="0.000000" m_c="0.000000" m_d="1.000000" m_tx="0.400000" m_ty="-44.150002"/>
   <element name="needle" layername="needle" frame="0" z_index="2" m_a="0.814427" m_b="-0.158469" m_c="0.064630" m_d="0.332156" m_tx="0.450000" m_ty="-37.150002"/>
   <element name="compassbase" layername="compassbase" frame="0" z_index="3" m_a="1.000000" m_b="0.000000" m_c="0.000000" m_d="1.000000" m_tx="-3.200000" m_ty="-21.549999"/>
   <element name="compassshadow" layername="compassshadow" frame="0" z_index="4" m_a="1.000000" m_b="0.000000" m_c="0.000000" m_d="1.000000" m_tx="0.750000" m_ty="18.150000"/>
  </frame>
  <frame idx="100" w="226" h="186" x="0.750000" y="-23.164536">
   <element name="compassmiddle" layername="compassmiddle" frame="0" z_index="1" m_a="1.000000" m_b="0.000000" m_c="0.000000" m_d="1.000000" m_tx="0.400000" m_ty="-44.150002"/>
   <element name="needle" layername="needle" frame="0" z_index="2" m_a="0.802205" m_b="-0.196462" m_c="0.082575" m_d="0.337178" m_tx="0.450000" m_ty="-37.150002"/>
   <element name="compassbase" layername="compassbase" frame="0" z_index="3" m_a="1.000000" m_b="0.000000" m_c="0.000000" m_d="1.000000" m_tx="-3.200000" m_ty="-21.549999"/>
   <element name="compassshadow" layername="compassshadow" frame="0" z_index="4" m_a="1.000000" m_b="0.000000" m_c="0.000000" m_d="1.000000" m_tx="0.750000" m_ty="18.150000"/>
  </frame>
  <frame idx="125" w="226" h="194" x="0.750000" y="-25.291901">
   <element name="compassmiddle" layername="compassmiddle" frame="0" z_index="1" m_a="1.000000" m_b="0.000000" m_c="0.000000" m_d="1.000000" m_tx="0.400000" m_ty="-44.150002"/>
   <element name="needle" layername="needle" frame="0" z_index="2" m_a="0.790538" m_b="-0.225017" m_c="0.097476" m_d="0.342455" m_tx="0.450000" m_ty="-37.150002"/>
   <element name="compassbase" layername="compassbase" frame="0" z_index="3" m_a="1.000000" m_b="0.000000" m_c="0.000000" m_d="1.000000" m_tx="-3.200000" m_ty="-21.549999"/>
   <element name="compassshadow" layername="compassshadow" frame="0" z_index="4" m_a="1.000000" m_b="0.000000" m_c="0.000000" m_d="1.000000" m_tx="0.750000" m_ty="18.150000"/>
  </frame>
  <frame idx="150" w="226" h="200" x="0.750000" y="-27.123138">
   <element name="compassmiddle" layername="compassmiddle" frame="0" z_index="1" m_a="1.000000" m_b="0.000000" m_c="0.000000" m_d="1.000000" m_tx="0.400000" m_ty="-44.150002"/>
   <element name="needle" layername="needle" frame="0" z_index="2" m_a="0.778897" m_b="-0.249597" m_c="0.111354" m_d="0.347493" m_tx="0.450000" m_ty="-37.150002"/>
   <element name="compassbase" layername="compassbase" frame="0" z_index="3" m_a="1.000000" m_b="0.000000" m_c="0.000000" m_d="1.000000" m_tx="-3.200000" m_ty="-21.549999"/>
   <element name="compassshadow" layername="compassshadow" frame="0" z_index="4" m_a="1.000000" m_b="0.000000" m_c="0.000000" m_d="1.000000" m_tx="0.750000" m_ty="18.150000"/>
  </frame>
  <frame idx="175" w="226" h="205" x="0.750000" y="-28.660095">
   <element name="compassmiddle" layername="compassmiddle" frame="0" z_index="1" m_a="1.000000" m_b="0.000000" m_c="0.000000" m_d="1.000000" m_tx="0.400000" m_ty="-44.150002"/>
   <element name="needle" layername="needle" frame="0" z_index="2" m_a="0.767778" m_b="-0.270228" m_c="0.123975" m_d="0.352240" m_tx="0.450000" m_ty="-37.150002"/>
   <element name="compassbase" layername="compassbase" frame="0" z_index="3" m_a="1.000000" m_b="0.000000" m_c="0.000000" m_d="1.000000" m_tx="-3.200000" m_ty="-21.549999"/>
   <element name="compassshadow" layername="compassshadow" frame="0" z_index="4" m_a="1.000000" m_b="0.000000" m_c="0.000000" m_d="1.000000" m_tx="0.750000" m_ty="18.150000"/>
  </frame>
  <frame idx="200" w="226" h="209" x="0.750000" y="-29.922714">
   <element name="compassmiddle" layername="compassmiddle" frame="0" z_index="1" m_a="1.000000" m_b="0.000000" m_c="0.000000" m_d="1.000000" m_tx="0.400000" m_ty="-44.150002"/>
   <element name="needle" layername="needle" frame="0" z_index="2" m_a="0.757564" m_b="-0.287175" m_c="0.135174" m_d="0.356588" m_tx="0.450000" m_ty="-37.150002"/>
   <element name="compassbase" layername="compassbase" frame="0" z_index="3" m_a="1.000000" m_b="0.000000" m_c="0.000000" m_d="1.000000" m_tx="-3.200000" m_ty="-21.549999"/>
   <element name="compassshadow" layername="compassshadow" frame="0" z_index="4" m_a="1.000000" m_b="0.000000" m_c="0.000000" m_d="1.000000" m_tx="0.750000" m_ty="18.150000"/>
  </frame>
  <frame idx="225" w="226" h="212" x="0.750000" y="-30.844833">
   <element name="compassmiddle" layername="compassmiddle" frame="0" z_index="1" m_a="1.000000" m_b="0.000000" m_c="0.000000" m_d="1.000000" m_tx="0.400000" m_ty="-44.150002"/>
   <element name="needle" layername="needle" frame="0" z_index="2" m_a="0.749284" m_b="-0.299553" m_c="0.144005" m_d="0.360204" m_tx="0.450000" m_ty="-37.150002"/>
   <element name="compassbase" layername="compassbase" frame="0" z_index="3" m_a="1.000000" m_b="0.000000" m_c="0.000000" m_d="1.000000" m_tx="-3.200000" m_ty="-21.549999"/>
   <element name="compassshadow" layername="compassshadow" frame="0" z_index="4" m_a="1.000000" m_b="0.000000" m_c="0.000000" m_d="1.000000" m_tx="0.750000" m_ty="18.150000"/>
  </frame>
  <frame idx="250" w="226" h="215" x="0.750000" y="-31.615143">
   <element name="compassmiddle" layername="compassmiddle" frame="0" z_index="1" m_a="1.000000" m_b="0.000000" m_c="0.000000" m_d="1.000000" m_tx="0.400000" m_ty="-44.150002"/>
   <element name="needle" layername="needle" frame="0" z_index="2" m_a="0.741914" m_b="-0.309893" m_c="0.151769" m_d="0.363350" m_tx="0.450000" m_ty="-37.150002"/>
   <element name="compassbase" layername="compassbase" frame="0" z_index="3" m_a="1.000000" m_b="0.000000" m_c="0.000000" m_d="1.000000" m_tx="-3.200000" m_ty="-21.549999"/>
   <element name="compassshadow" layername="compassshadow" frame="0" z_index="4" m_a="1.000000" m_b="0.000000" m_c="0.000000" m_d="1.000000" m_tx="0.750000" m_ty="18.150000"/>
  </frame>
  <frame idx="275" w="226" h="216" x="0.750000" y="-32.231232">
   <element name="compassmiddle" layername="compassmiddle" frame="0" z_index="1" m_a="1.000000" m_b="0.000000" m_c="0.000000" m_d="1.000000" m_tx="0.400000" m_ty="-44.150002"/>
   <element name="needle" layername="needle" frame="0" z_index="2" m_a="0.735669" m_b="-0.318162" m_c="0.158284" m_d="0.365990" m_tx="0.450000" m_ty="-37.150002"/>
   <element name="compassbase" layername="compassbase" frame="0" z_index="3" m_a="1.000000" m_b="0.000000" m_c="0.000000" m_d="1.000000" m_tx="-3.200000" m_ty="-21.549999"/>
   <element name="compassshadow" layername="compassshadow" frame="0" z_index="4" m_a="1.000000" m_b="0.000000" m_c="0.000000" m_d="1.000000" m_tx="0.750000" m_ty="18.150000"/>
  </frame>
  <frame idx="300" w="226" h="218" x="0.750000" y="-32.698990">
   <element name="compassmiddle" layername="compassmiddle" frame="0" z_index="1" m_a="1.000000" m_b="0.000000" m_c="0.000000" m_d="1.000000" m_tx="0.400000" m_ty="-44.150002"/>
   <element name="needle" layername="needle" frame="0" z_index="2" m_a="0.730686" m_b="-0.324441" m_c="0.163441" m_d="0.368092" m_tx="0.450000" m_ty="-37.150002"/>
   <element name="compassbase" layername="compassbase" frame="0" z_index="3" m_a="1.000000" m_b="0.000000" m_c="0.000000" m_d="1.000000" m_tx="-3.200000" m_ty="-21.549999"/>
   <element name="compassshadow" layername="compassshadow" frame="0" z_index="4" m_a="1.000000" m_b="0.000000" m_c="0.000000" m_d="1.000000" m_tx="0.750000" m_ty="18.150000"/>
  </frame>
  <frame idx="325" w="226" h="219" x="0.750000" y="-32.965790">
   <element name="compassmiddle" layername="compassmiddle" frame="0" z_index="1" m_a="1.000000" m_b="0.000000" m_c="0.000000" m_d="1.000000" m_tx="0.400000" m_ty="-44.150002"/>
   <element name="needle" layername="needle" frame="0" z_index="2" m_a="0.727728" m_b="-0.328022" m_c="0.166482" m_d="0.369346" m_tx="0.450000" m_ty="-37.150002"/>
   <element name="compassbase" layername="compassbase" frame="0" z_index="3" m_a="1.000000" m_b="0.000000" m_c="0.000000" m_d="1.000000" m_tx="-3.200000" m_ty="-21.549999"/>
   <element name="compassshadow" layername="compassshadow" frame="0" z_index="4" m_a="1.000000" m_b="0.000000" m_c="0.000000" m_d="1.000000" m_tx="0.750000" m_ty="18.150000"/>
  </frame>
  <frame idx="350" w="226" h="219" x="0.750000" y="-33.120026">
   <element name="compassmiddle" layername="compassmiddle" frame="0" z_index="1" m_a="1.000000" m_b="0.000000" m_c="0.000000" m_d="1.000000" m_tx="0.400000" m_ty="-44.150002"/>
   <element name="needle" layername="needle" frame="0" z_index="2" m_a="0.725994" m_b="-0.330092" m_c="0.168263" m_d="0.370073" m_tx="0.450000" m_ty="-37.150002"/>
   <element name="compassbase" layername="compassbase" frame="0" z_index="3" m_a="1.000000" m_b="0.000000" m_c="0.000000" m_d="1.000000" m_tx="-3.200000" m_ty="-21.549999"/>
   <element name="compassshadow" layername="compassshadow" frame="0" z_index="4" m_a="1.000000" m_b="0.000000" m_c="0.000000" m_d="1.000000" m_tx="0.750000" m_ty="18.150000"/>
  </frame>
  <frame idx="375" w="226" h="219" x="0.750000" y="-33.163834">
   <element name="compassmiddle" layername="compassmiddle" frame="0" z_index="1" m_a="1.000000" m_b="0.000000" m_c="0.000000" m_d="1.000000" m_tx="0.400000" m_ty="-44.150002"/>
   <element name="needle" layername="needle" frame="0" z_index="2" m_a="0.725494" m_b="-0.330680" m_c="0.168775" m_d="0.370282" m_tx="0.450000" m_ty="-37.150002"/>
   <element name="compassbase" layername="compassbase" frame="0" z_index="3" m_a="1.000000" m_b="0.000000" m_c="0.000000" m_d="1.000000" m_tx="-3.200000" m_ty="-21.549999"/>
   <element name="compassshadow" layername="compassshadow" frame="0" z_index="4" m_a="1.000000" m_b="0.000000" m_c="0.000000" m_d="1.000000" m_tx="0.750000" m_ty="18.150000"/>
  </frame>
  <frame idx="400" w="226" h="219" x="0.750000" y="-33.106461">
   <element name="compassmiddle" layername="compassmiddle" frame="0" z_index="1" m_a="1.000000" m_b="0.000000" m_c="0.000000" m_d="1.000000" m_tx="0.400000" m_ty="-44.150002"/>
   <element name="needle" layername="needle" frame="0" z_index="2" m_a="0.726141" m_b="-0.329910" m_c="0.168106" m_d="0.370005" m_tx="0.450000" m_ty="-37.150002"/>
   <element name="compassbase" layername="compassbase" frame="0" z_index="3" m_a="1.000000" m_b="0.000000" m_c="0.000000" m_d="1.000000" m_tx="-3.200000" m_ty="-21.549999"/>
   <element name="compassshadow" layername="compassshadow" frame="0" z_index="4" m_a="1.000000" m_b="0.000000" m_c="0.000000" m_d="1.000000" m_tx="0.750000" m_ty="18.150000"/>
  </frame>
  <frame idx="425" w="226" h="219" x="0.750000" y="-32.940231">
   <element name="compassmiddle" layername="compassmiddle" frame="0" z_index="1" m_a="1.000000" m_b="0.000000" m_c="0.000000" m_d="1.000000" m_tx="0.400000" m_ty="-44.150002"/>
   <element name="needle" layername="needle" frame="0" z_index="2" m_a="0.727991" m_b="-0.327679" m_c="0.166188" m_d="0.369214" m_tx="0.450000" m_ty="-37.150002"/>
   <element name="compassbase" layername="compassbase" frame="0" z_index="3" m_a="1.000000" m_b="0.000000" m_c="0.000000" m_d="1.000000" m_tx="-3.200000" m_ty="-21.549999"/>
   <element name="compassshadow" layername="compassshadow" frame="0" z_index="4" m_a="1.000000" m_b="0.000000" m_c="0.000000" m_d="1.000000" m_tx="0.750000" m_ty="18.150000"/>
  </frame>
  <frame idx="450" w="226" h="218" x="0.750000" y="-32.695923">
   <element name="compassmiddle" layername="compassmiddle" frame="0" z_index="1" m_a="1.000000" m_b="0.000000" m_c="0.000000" m_d="1.000000" m_tx="0.400000" m_ty="-44.150002"/>
   <element name="needle" layername="needle" frame="0" z_index="2" m_a="0.730657" m_b="-0.324400" m_c="0.163419" m_d="0.368074" m_tx="0.450000" m_ty="-37.150002"/>
   <element name="compassbase" layername="compassbase" frame="0" z_index="3" m_a="1.000000" m_b="0.000000" m_c="0.000000" m_d="1.000000" m_tx="-3.200000" m_ty="-21.549999"/>
   <element name="compassshadow" layername="compassshadow" frame="0" z_index="4" m_a="1.000000" m_b="0.000000" m_c="0.000000" m_d="1.000000" m_tx="0.750000" m_ty="18.150000"/>
  </frame>
  <frame idx="475" w="226" h="217" x="0.750000" y="-32.367264">
   <element name="compassmiddle" layername="compassmiddle" frame="0" z_index="1" m_a="1.000000" m_b="0.000000" m_c="0.000000" m_d="1.000000" m_tx="0.400000" m_ty="-44.150002"/>
   <element name="needle" layername="needle" frame="0" z_index="2" m_a="0.734154" m_b="-0.319988" m_c="0.159774" m_d="0.366571" m_tx="0.450000" m_ty="-37.150002"/>
   <element name="compassbase" layername="compassbase" frame="0" z_index="3" m_a="1.000000" m_b="0.000000" m_c="0.000000" m_d="1.000000" m_tx="-3.200000" m_ty="-21.549999"/>
   <element name="compassshadow" layername="compassshadow" frame="0" z_index="4" m_a="1.000000" m_b="0.000000" m_c="0.000000" m_d="1.000000" m_tx="0.750000" m_ty="18.150000"/>
  </frame>
  <frame idx="500" w="226" h="216" x="0.750000" y="-31.952377">
   <element name="compassmiddle" layername="compassmiddle" frame="0" z_index="1" m_a="1.000000" m_b="0.000000" m_c="0.000000" m_d="1.000000" m_tx="0.400000" m_ty="-44.150002"/>
   <element name="needle" layername="needle" frame="0" z_index="2" m_a="0.738438" m_b="-0.314419" m_c="0.155289" m_d="0.364709" m_tx="0.450000" m_ty="-37.150002"/>
   <element name="compassbase" layername="compassbase" frame="0" z_index="3" m_a="1.000000" m_b="0.000000" m_c="0.000000" m_d="1.000000" m_tx="-3.200000" m_ty="-21.549999"/>
   <element name="compassshadow" layername="compassshadow" frame="0" z_index="4" m_a="1.000000" m_b="0.000000" m_c="0.000000" m_d="1.000000" m_tx="0.750000" m_ty="18.150000"/>
  </frame>
  <frame idx="525" w="226" h="214" x="0.750000" y="-31.416367">
   <element name="compassmiddle" layername="compassmiddle" frame="0" z_index="1" m_a="1.000000" m_b="0.000000" m_c="0.000000" m_d="1.000000" m_tx="0.400000" m_ty="-44.150002"/>
   <element name="needle" layername="needle" frame="0" z_index="2" m_a="0.743709" m_b="-0.307224" m_c="0.149723" m_d="0.362438" m_tx="0.450000" m_ty="-37.150002"/>
   <element name="compassbase" layername="compassbase" frame="0" z_index="3" m_a="1.000000" m_b="0.000000" m_c="0.000000" m_d="1.000000" m_tx="-3.200000" m_ty="-21.549999"/>
   <element name="compassshadow" layername="compassshadow" frame="0" z_index="4" m_a="1.000000" m_b="0.000000" m_c="0.000000" m_d="1.000000" m_tx="0.750000" m_ty="18.150000"/>
  </frame>
  <frame idx="550" w="226" h="212" x="0.750000" y="-30.768478">
   <element name="compassmiddle" layername="compassmiddle" frame="0" z_index="1" m_a="1.000000" m_b="0.000000" m_c="0.000000" m_d="1.000000" m_tx="0.400000" m_ty="-44.150002"/>
   <element name="needle" layername="needle" frame="0" z_index="2" m_a="0.749766" m_b="-0.298528" m_c="0.143264" m_d="0.359814" m_tx="0.450000" m_ty="-37.150002"/>
   <element name="compassbase" layername="compassbase" frame="0" z_index="3" m_a="1.000000" m_b="0.000000" m_c="0.000000" m_d="1.000000" m_tx="-3.200000" m_ty="-21.549999"/>
   <element name="compassshadow" layername="compassshadow" frame="0" z_index="4" m_a="1.000000" m_b="0.000000" m_c="0.000000" m_d="1.000000" m_tx="0.750000" m_ty="18.150000"/>
  </frame>
  <frame idx="575" w="226" h="209" x="0.750000" y="-29.997726">
   <element name="compassmiddle" layername="compassmiddle" frame="0" z_index="1" m_a="1.000000" m_b="0.000000" m_c="0.000000" m_d="1.000000" m_tx="0.400000" m_ty="-44.150002"/>
   <element name="needle" layername="needle" frame="0" z_index="2" m_a="0.756572" m_b="-0.288182" m_c="0.135920" m_d="0.356835" m_tx="0.450000" m_ty="-37.150002"/>
   <element name="compassbase" layername="compassbase" frame="0" z_index="3" m_a="1.000000" m_b="0.000000" m_c="0.000000" m_d="1.000000" m_tx="-3.200000" m_ty="-21.549999"/>
   <element name="compassshadow" layername="compassshadow" frame="0" z_index="4" m_a="1.000000" m_b="0.000000" m_c="0.000000" m_d="1.000000" m_tx="0.750000" m_ty="18.150000"/>
  </frame>
  <frame idx="600" w="226" h="206" x="0.750000" y="-29.099197">
   <element name="compassmiddle" layername="compassmiddle" frame="0" z_index="1" m_a="1.000000" m_b="0.000000" m_c="0.000000" m_d="1.000000" m_tx="0.400000" m_ty="-44.150002"/>
   <element name="needle" layername="needle" frame="0" z_index="2" m_a="0.764019" m_b="-0.276122" m_c="0.127764" m_d="0.353518" m_tx="0.450000" m_ty="-37.150002"/>
   <element name="compassbase" layername="compassbase" frame="0" z_index="3" m_a="1.000000" m_b="0.000000" m_c="0.000000" m_d="1.000000" m_tx="-3.200000" m_ty="-21.549999"/>
   <element name="compassshadow" layername="compassshadow" frame="0" z_index="4" m_a="1.000000" m_b="0.000000" m_c="0.000000" m_d="1.000000" m_tx="0.750000" m_ty="18.150000"/>
  </frame>
  <frame idx="625" w="226" h="203" x="0.750000" y="-28.020523">
   <element name="compassmiddle" layername="compassmiddle" frame="0" z_index="1" m_a="1.000000" m_b="0.000000" m_c="0.000000" m_d="1.000000" m_tx="0.400000" m_ty="-44.150002"/>
   <element name="needle" layername="needle" frame="0" z_index="2" m_a="0.772165" m_b="-0.261643" m_c="0.118588" m_d="0.349978" m_tx="0.450000" m_ty="-37.150002"/>
   <element name="compassbase" layername="compassbase" frame="0" z_index="3" m_a="1.000000" m_b="0.000000" m_c="0.000000" m_d="1.000000" m_tx="-3.200000" m_ty="-21.549999"/>
   <element name="compassshadow" layername="compassshadow" frame="0" z_index="4" m_a="1.000000" m_b="0.000000" m_c="0.000000" m_d="1.000000" m_tx="0.750000" m_ty="18.150000"/>
  </frame>
  <frame idx="650" w="226" h="198" x="0.750000" y="-26.752838">
   <element name="compassmiddle" layername="compassmiddle" frame="0" z_index="1" m_a="1.000000" m_b="0.000000" m_c="0.000000" m_d="1.000000" m_tx="0.400000" m_ty="-44.150002"/>
   <element name="needle" layername="needle" frame="0" z_index="2" m_a="0.780901" m_b="-0.244627" m_c="0.108437" m_d="0.346155" m_tx="0.450000" m_ty="-37.150002"/>
   <element name="compassbase" layername="compassbase" frame="0" z_index="3" m_a="1.000000" m_b="0.000000" m_c="0.000000" m_d="1.000000" m_tx="-3.200000" m_ty="-21.549999"/>
   <element name="compassshadow" layername="compassshadow" frame="0" z_index="4" m_a="1.000000" m_b="0.000000" m_c="0.000000" m_d="1.000000" m_tx="0.750000" m_ty="18.150000"/>
  </frame>
  <frame idx="675" w="226" h="194" x="0.750000" y="-25.277374">
   <element name="compassmiddle" layername="compassmiddle" frame="0" z_index="1" m_a="1.000000" m_b="0.000000" m_c="0.000000" m_d="1.000000" m_tx="0.400000" m_ty="-44.150002"/>
   <element name="needle" layername="needle" frame="0" z_index="2" m_a="0.790053" m_b="-0.224822" m_c="0.097347" m_d="0.342091" m_tx="0.450000" m_ty="-37.150002"/>
   <element name="compassbase" layername="compassbase" frame="0" z_index="3" m_a="1.000000" m_b="0.000000" m_c="0.000000" m_d="1.000000" m_tx="-3.200000" m_ty="-21.549999"/>
   <element name="compassshadow" layername="compassshadow" frame="0" z_index="4" m_a="1.000000" m_b="0.000000" m_c="0.000000" m_d="1.000000" m_tx="0.750000" m_ty="18.150000"/>
  </frame>
  <frame idx="700" w="226" h="189" x="0.750000" y="-23.586197">
   <element name="compassmiddle" layername="compassmiddle" frame="0" z_index="1" m_a="1.000000" m_b="0.000000" m_c="0.000000" m_d="1.000000" m_tx="0.400000" m_ty="-44.150002"/>
   <element name="needle" layername="needle" frame="0" z_index="2" m_a="0.799346" m_b="-0.202122" m_c="0.085427" m_d="0.337846" m_tx="0.450000" m_ty="-37.150002"/>
   <element name="compassbase" layername="compassbase" frame="0" z_index="3" m_a="1.000000" m_b="0.000000" m_c="0.000000" m_d="1.000000" m_tx="-3.200000" m_ty="-21.549999"/>
   <element name="compassshadow" layername="compassshadow" frame="0" z_index="4" m_a="1.000000" m_b="0.000000" m_c="0.000000" m_d="1.000000" m_tx="0.750000" m_ty="18.150000"/>
  </frame>
  <frame idx="725" w="226" h="182" x="0.750000" y="-21.593201">
   <element name="compassmiddle" layername="compassmiddle" frame="0" z_index="1" m_a="1.000000" m_b="0.000000" m_c="0.000000" m_d="1.000000" m_tx="0.400000" m_ty="-44.150002"/>
   <element name="needle" layername="needle" frame="0" z_index="2" m_a="0.808525" m_b="-0.175370" m_c="0.072428" m_d="0.333924" m_tx="0.450000" m_ty="-37.150002"/>
   <element name="compassbase" layername="compassbase" frame="0" z_index="3" m_a="1.000000" m_b="0.000000" m_c="0.000000" m_d="1.000000" m_tx="-3.200000" m_ty="-21.549999"/>
   <element name="compassshadow" layername="compassshadow" frame="0" z_index="4" m_a="1.000000" m_b="0.000000" m_c="0.000000" m_d="1.000000" m_tx="0.750000" m_ty="18.150000"/>
  </frame>
  <frame idx="750" w="226" h="174" x="0.750000" y="-19.278763">
   <element name="compassmiddle" layername="compassmiddle" frame="0" z_index="1" m_a="1.000000" m_b="0.000000" m_c="0.000000" m_d="1.000000" m_tx="0.400000" m_ty="-44.150002"/>
   <element name="needle" layername="needle" frame="0" z_index="2" m_a="0.817312" m_b="-0.144304" m_c="0.058289" m_d="0.330137" m_tx="0.450000" m_ty="-37.150002"/>
   <element name="compassbase" layername="compassbase" frame="0" z_index="3" m_a="1.000000" m_b="0.000000" m_c="0.000000" m_d="1.000000" m_tx="-3.200000" m_ty="-21.549999"/>
   <element name="compassshadow" layername="compassshadow" frame="0" z_index="4" m_a="1.000000" m_b="0.000000" m_c="0.000000" m_d="1.000000" m_tx="0.750000" m_ty="18.150000"/>
  </frame>
  <frame idx="775" w="226" h="165" x="0.750000" y="-16.623032">
   <element name="compassmiddle" layername="compassmiddle" frame="0" z_index="1" m_a="1.000000" m_b="0.000000" m_c="0.000000" m_d="1.000000" m_tx="0.400000" m_ty="-44.150002"/>
   <element name="needle" layername="needle" frame="0" z_index="2" m_a="0.825137" m_b="-0.108656" m_c="0.043016" m_d="0.326662" m_tx="0.450000" m_ty="-37.150002"/>
   <element name="compassbase" layername="compassbase" frame="0" z_index="3" m_a="1.000000" m_b="0.000000" m_c="0.000000" m_d="1.000000" m_tx="-3.200000" m_ty="-21.549999"/>
   <element name="compassshadow" layername="compassshadow" frame="0" z_index="4" m_a="1.000000" m_b="0.000000" m_c="0.000000" m_d="1.000000" m_tx="0.750000" m_ty="18.150000"/>
  </frame>
  <frame idx="800" w="226" h="156" x="0.750000" y="-13.629154">
   <element name="compassmiddle" layername="compassmiddle" frame="0" z_index="1" m_a="1.000000" m_b="0.000000" m_c="0.000000" m_d="1.000000" m_tx="0.400000" m_ty="-44.150002"/>
   <element name="needle" layername="needle" frame="0" z_index="2" m_a="0.831299" m_b="-0.068470" m_c="0.026659" m_d="0.323663" m_tx="0.450000" m_ty="-37.150002"/>
   <element name="compassbase" layername="compassbase" frame="0" z_index="3" m_a="1.000000" m_b="0.000000" m_c="0.000000" m_d="1.000000" m_tx="-3.200000" m_ty="-21.549999"/>
   <element name="compassshadow" layername="compassshadow" frame="0" z_index="4" m_a="1.000000" m_b="0.000000" m_c="0.000000" m_d="1.000000" m_tx="0.750000" m_ty="18.150000"/>
  </frame>
  <frame idx="825" w="226" h="153" x="0.750000" y="-13.212482">
   <element name="compassmiddle" layername="compassmiddle" frame="0" z_index="1" m_a="1.000000" m_b="0.000000" m_c="0.000000" m_d="1.000000" m_tx="0.400000" m_ty="-44.150002"/>
   <element name="needle" layername="needle" frame="0" z_index="2" m_a="0.834597" m_b="-0.022722" m_c="0.008782" m_d="0.322581" m_tx="0.450000" m_ty="-37.150002"/>
   <element name="compassbase" layername="compassbase" frame="0" z_index="3" m_a="1.000000" m_b="0.000000" m_c="0.000000" m_d="1.000000" m_tx="-3.200000" m_ty="-21.549999"/>
   <element name="compassshadow" layername="compassshadow" frame="0" z_index="4" m_a="1.000000" m_b="0.000000" m_c="0.000000" m_d="1.000000" m_tx="0.750000" m_ty="18.150000"/>
  </frame>
  <frame idx="850" w="226" h="153" x="0.750000" y="-13.212482">
   <element name="compassmiddle" layername="compassmiddle" frame="0" z_index="1" m_a="1.000000" m_b="0.000000" m_c="0.000000" m_d="1.000000" m_tx="0.400000" m_ty="-44.150002"/>
   <element name="needle" layername="needle" frame="0" z_index="2" m_a="0.834237" m_b="0.028302" m_c="-0.010958" m_d="0.322987" m_tx="0.450000" m_ty="-37.150002"/>
   <element name="compassbase" layername="compassbase" frame="0" z_index="3" m_a="1.000000" m_b="0.000000" m_c="0.000000" m_d="1.000000" m_tx="-3.200000" m_ty="-21.549999"/>
   <element name="compassshadow" layername="compassshadow" frame="0" z_index="4" m_a="1.000000" m_b="0.000000" m_c="0.000000" m_d="1.000000" m_tx="0.750000" m_ty="18.150000"/>
  </frame>
  <frame idx="875" w="226" h="153" x="0.750000" y="-13.212482">
   <element name="compassmiddle" layername="compassmiddle" frame="0" z_index="1" m_a="1.000000" m_b="0.000000" m_c="0.000000" m_d="1.000000" m_tx="0.400000" m_ty="-44.150002"/>
   <element name="needle" layername="needle" frame="0" z_index="2" m_a="0.829412" m_b="0.081577" m_c="-0.031960" m_d="0.324947" m_tx="0.450000" m_ty="-37.150002"/>
   <element name="compassbase" layername="compassbase" frame="0" z_index="3" m_a="1.000000" m_b="0.000000" m_c="0.000000" m_d="1.000000" m_tx="-3.200000" m_ty="-21.549999"/>
   <element name="compassshadow" layername="compassshadow" frame="0" z_index="4" m_a="1.000000" m_b="0.000000" m_c="0.000000" m_d="1.000000" m_tx="0.750000" m_ty="18.150000"/>
  </frame>
  <frame idx="900" w="226" h="153" x="0.750000" y="-13.212482">
   <element name="compassmiddle" layername="compassmiddle" frame="0" z_index="1" m_a="1.000000" m_b="0.000000" m_c="0.000000" m_d="1.000000" m_tx="0.400000" m_ty="-44.150002"/>
   <element name="needle" layername="needle" frame="0" z_index="2" m_a="0.820148" m_b="0.133334" m_c="-0.053424" m_d="0.328617" m_tx="0.450000" m_ty="-37.150002"/>
   <element name="compassbase" layername="compassbase" frame="0" z_index="3" m_a="1.000000" m_b="0.000000" m_c="0.000000" m_d="1.000000" m_tx="-3.200000" m_ty="-21.549999"/>
   <element name="compassshadow" layername="compassshadow" frame="0" z_index="4" m_a="1.000000" m_b="0.000000" m_c="0.000000" m_d="1.000000" m_tx="0.750000" m_ty="18.150000"/>
  </frame>
  <frame idx="925" w="226" h="153" x="0.750000" y="-13.212482">
   <element name="compassmiddle" layername="compassmiddle" frame="0" z_index="1" m_a="1.000000" m_b="0.000000" m_c="0.000000" m_d="1.000000" m_tx="0.400000" m_ty="-44.150002"/>
   <element name="needle" layername="needle" frame="0" z_index="2" m_a="0.808693" m_b="0.174598" m_c="-0.072128" m_d="0.334080" m_tx="0.450000" m_ty="-37.150002"/>
   <element name="compassbase" layername="compassbase" frame="0" z_index="3" m_a="1.000000" m_b="0.000000" m_c="0.000000" m_d="1.000000" m_tx="-3.200000" m_ty="-21.549999"/>
   <element name="compassshadow" layername="compassshadow" frame="0" z_index="4" m_a="1.000000" m_b="0.000000" m_c="0.000000" m_d="1.000000" m_tx="0.750000" m_ty="18.150000"/>
  </frame>
  <frame idx="950" w="226" h="153" x="0.750000" y="-13.212482">
   <element name="compassmiddle" layername="compassmiddle" frame="0" z_index="1" m_a="1.000000" m_b="0.000000" m_c="0.000000" m_d="1.000000" m_tx="0.400000" m_ty="-44.150002"/>
   <element name="needle" layername="needle" frame="0" z_index="2" m_a="0.795627" m_b="0.211228" m_c="-0.090235" m_d="0.339885" m_tx="0.450000" m_ty="-37.150002"/>
   <element name="compassbase" layername="compassbase" frame="0" z_index="3" m_a="1.000000" m_b="0.000000" m_c="0.000000" m_d="1.000000" m_tx="-3.200000" m_ty="-21.549999"/>
   <element name="compassshadow" layername="compassshadow" frame="0" z_index="4" m_a="1.000000" m_b="0.000000" m_c="0.000000" m_d="1.000000" m_tx="0.750000" m_ty="18.150000"/>
  </frame>
  <frame idx="975" w="226" h="153" x="0.750000" y="-13.212482">
   <element name="compassmiddle" layername="compassmiddle" frame="0" z_index="1" m_a="1.000000" m_b="0.000000" m_c="0.000000" m_d="1.000000" m_tx="0.400000" m_ty="-44.150002"/>
   <element name="needle" layername="needle" frame="0" z_index="2" m_a="0.781700" m_b="0.243035" m_c="-0.107552" m_d="0.345933" m_tx="0.450000" m_ty="-37.150002"/>
   <element name="compassbase" layername="compassbase" frame="0" z_index="3" m_a="1.000000" m_b="0.000000" m_c="0.000000" m_d="1.000000" m_tx="-3.200000" m_ty="-21.549999"/>
   <element name="compassshadow" layername="compassshadow" frame="0" z_index="4" m_a="1.000000" m_b="0.000000" m_c="0.000000" m_d="1.000000" m_tx="0.750000" m_ty="18.150000"/>
  </frame>
  <frame idx="1000" w="226" h="153" x="0.750000" y="-13.212482">
   <element name="compassmiddle" layername="compassmiddle" frame="0" z_index="1" m_a="1.000000" m_b="0.000000" m_c="0.000000" m_d="1.000000" m_tx="0.400000" m_ty="-44.150002"/>
   <element name="needle" layername="needle" frame="0" z_index="2" m_a="0.767596" m_b="0.270147" m_c="-0.123888" m_d="0.352016" m_tx="0.450000" m_ty="-37.150002"/>
   <element name="compassbase" layername="compassbase" frame="0" z_index="3" m_a="1.000000" m_b="0.000000" m_c="0.000000" m_d="1.000000" m_tx="-3.200000" m_ty="-21.549999"/>
   <element name="compassshadow" layername="compassshadow" frame="0" z_index="4" m_a="1.000000" m_b="0.000000" m_c="0.000000" m_d="1.000000" m_tx="0.750000" m_ty="18.150000"/>
  </frame>
  <frame idx="1025" w="226" h="153" x="0.750000" y="-13.212482">
   <element name="compassmiddle" layername="compassmiddle" frame="0" z_index="1" m_a="1.000000" m_b="0.000000" m_c="0.000000" m_d="1.000000" m_tx="0.400000" m_ty="-44.150002"/>
   <element name="needle" layername="needle" frame="0" z_index="2" m_a="0.754562" m_b="0.291339" m_c="-0.138188" m_d="0.357903" m_tx="0.450000" m_ty="-37.150002"/>
   <element name="compassbase" layername="compassbase" frame="0" z_index="3" m_a="1.000000" m_b="0.000000" m_c="0.000000" m_d="1.000000" m_tx="-3.200000" m_ty="-21.549999"/>
   <element name="compassshadow" layername="compassshadow" frame="0" z_index="4" m_a="1.000000" m_b="0.000000" m_c="0.000000" m_d="1.000000" m_tx="0.750000" m_ty="18.150000"/>
  </frame>
  <frame idx="1050" w="226" h="153" x="0.750000" y="-13.212482">
   <element name="compassmiddle" layername="compassmiddle" frame="0" z_index="1" m_a="1.000000" m_b="0.000000" m_c="0.000000" m_d="1.000000" m_tx="0.400000" m_ty="-44.150002"/>
   <element name="needle" layername="needle" frame="0" z_index="2" m_a="0.741674" m_b="0.310045" m_c="-0.151969" m_d="0.363531" m_tx="0.450000" m_ty="-37.150002"/>
   <element name="compassbase" layername="compassbase" frame="0" z_index="3" m_a="1.000000" m_b="0.000000" m_c="0.000000" m_d="1.000000" m_tx="-3.200000" m_ty="-21.549999"/>
   <element name="compassshadow" layername="compassshadow" frame="0" z_index="4" m_a="1.000000" m_b="0.000000" m_c="0.000000" m_d="1.000000" m_tx="0.750000" m_ty="18.150000"/>
  </frame>
  <frame idx="1075" w="226" h="153" x="0.750000" y="-13.212482">
   <element name="compassmiddle" layername="compassmiddle" frame="0" z_index="1" m_a="1.000000" m_b="0.000000" m_c="0.000000" m_d="1.000000" m_tx="0.400000" m_ty="-44.150002"/>
   <element name="needle" layername="needle" frame="0" z_index="2" m_a="0.729232" m_b="0.326254" m_c="-0.165024" m_d="0.368856" m_tx="0.450000" m_ty="-37.150002"/>
   <element name="compassbase" layername="compassbase" frame="0" z_index="3" m_a="1.000000" m_b="0.000000" m_c="0.000000" m_d="1.000000" m_tx="-3.200000" m_ty="-21.549999"/>
   <element name="compassshadow" layername="compassshadow" frame="0" z_index="4" m_a="1.000000" m_b="0.000000" m_c="0.000000" m_d="1.000000" m_tx="0.750000" m_ty="18.150000"/>
  </frame>
  <frame idx="1100" w="226" h="153" x="0.750000" y="-13.212482">
   <element name="compassmiddle" layername="compassmiddle" frame="0" z_index="1" m_a="1.000000" m_b="0.000000" m_c="0.000000" m_d="1.000000" m_tx="0.400000" m_ty="-44.150002"/>
   <element name="needle" layername="needle" frame="0" z_index="2" m_a="0.717486" m_b="0.340089" m_c="-0.177185" m_d="0.373808" m_tx="0.450000" m_ty="-37.150002"/>
   <element name="compassbase" layername="compassbase" frame="0" z_index="3" m_a="1.000000" m_b="0.000000" m_c="0.000000" m_d="1.000000" m_tx="-3.200000" m_ty="-21.549999"/>
   <element name="compassshadow" layername="compassshadow" frame="0" z_index="4" m_a="1.000000" m_b="0.000000" m_c="0.000000" m_d="1.000000" m_tx="0.750000" m_ty="18.150000"/>
  </frame>
  <frame idx="1125" w="226" h="153" x="0.750000" y="-13.212482">
   <element name="compassmiddle" layername="compassmiddle" frame="0" z_index="1" m_a="1.000000" m_b="0.000000" m_c="0.000000" m_d="1.000000" m_tx="0.400000" m_ty="-44.150002"/>
   <element name="needle" layername="needle" frame="0" z_index="2" m_a="0.707260" m_b="0.350906" m_c="-0.187627" m_d="0.378167" m_tx="0.450000" m_ty="-37.150002"/>
   <element name="compassbase" layername="compassbase" frame="0" z_index="3" m_a="1.000000" m_b="0.000000" m_c="0.000000" m_d="1.000000" m_tx="-3.200000" m_ty="-21.549999"/>
   <element name="compassshadow" layername="compassshadow" frame="0" z_index="4" m_a="1.000000" m_b="0.000000" m_c="0.000000" m_d="1.000000" m_tx="0.750000" m_ty="18.150000"/>
  </frame>
  <frame idx="1150" w="226" h="153" x="0.750000" y="-13.212482">
   <element name="compassmiddle" layername="compassmiddle" frame="0" z_index="1" m_a="1.000000" m_b="0.000000" m_c="0.000000" m_d="1.000000" m_tx="0.400000" m_ty="-44.150002"/>
   <element name="needle" layername="needle" frame="0" z_index="2" m_a="0.697556" m_b="0.360455" m_c="-0.197494" m_d="0.382192" m_tx="0.450000" m_ty="-37.150002"/>
   <element name="compassbase" layername="compassbase" frame="0" z_index="3" m_a="1.000000" m_b="0.000000" m_c="0.000000" m_d="1.000000" m_tx="-3.200000" m_ty="-21.549999"/>
   <element name="compassshadow" layername="compassshadow" frame="0" z_index="4" m_a="1.000000" m_b="0.000000" m_c="0.000000" m_d="1.000000" m_tx="0.750000" m_ty="18.150000"/>
  </frame>
  <frame idx="1175" w="226" h="153" x="0.750000" y="-13.212482">
   <element name="compassmiddle" layername="compassmiddle" frame="0" z_index="1" m_a="1.000000" m_b="0.000000" m_c="0.000000" m_d="1.000000" m_tx="0.400000" m_ty="-44.150002"/>
   <element name="needle" layername="needle" frame="0" z_index="2" m_a="0.688622" m_b="0.368647" m_c="-0.206547" m_d="0.385824" m_tx="0.450000" m_ty="-37.150002"/>
   <element name="compassbase" layername="compassbase" frame="0" z_index="3" m_a="1.000000" m_b="0.000000" m_c="0.000000" m_d="1.000000" m_tx="-3.200000" m_ty="-21.549999"/>
   <element name="compassshadow" layername="compassshadow" frame="0" z_index="4" m_a="1.000000" m_b="0.000000" m_c="0.000000" m_d="1.000000" m_tx="0.750000" m_ty="18.150000"/>
  </frame>
  <frame idx="1200" w="226" h="153" x="0.750000" y="-13.212482">
   <element name="compassmiddle" layername="compassmiddle" frame="0" z_index="1" m_a="1.000000" m_b="0.000000" m_c="0.000000" m_d="1.000000" m_tx="0.400000" m_ty="-44.150002"/>
   <element name="needle" layername="needle" frame="0" z_index="2" m_a="0.680681" m_b="0.375450" m_c="-0.214569" m_d="0.389009" m_tx="0.450000" m_ty="-37.150002"/>
   <element name="compassbase" layername="compassbase" frame="0" z_index="3" m_a="1.000000" m_b="0.000000" m_c="0.000000" m_d="1.000000" m_tx="-3.200000" m_ty="-21.549999"/>
   <element name="compassshadow" layername="compassshadow" frame="0" z_index="4" m_a="1.000000" m_b="0.000000" m_c="0.000000" m_d="1.000000" m_tx="0.750000" m_ty="18.150000"/>
  </frame>
  <frame idx="1225" w="226" h="153" x="0.750000" y="-13.212482">
   <element name="compassmiddle" layername="compassmiddle" frame="0" z_index="1" m_a="1.000000" m_b="0.000000" m_c="0.000000" m_d="1.000000" m_tx="0.400000" m_ty="-44.150002"/>
   <element name="needle" layername="needle" frame="0" z_index="2" m_a="0.673694" m_b="0.381037" m_c="-0.221596" m_d="0.391794" m_tx="0.450000" m_ty="-37.150002"/>
   <element name="compassbase" layername="compassbase" frame="0" z_index="3" m_a="1.000000" m_b="0.000000" m_c="0.000000" m_d="1.000000" m_tx="-3.200000" m_ty="-21.549999"/>
   <element name="compassshadow" layername="compassshadow" frame="0" z_index="4" m_a="1.000000" m_b="0.000000" m_c="0.000000" m_d="1.000000" m_tx="0.750000" m_ty="18.150000"/>
  </frame>
  <frame idx="1250" w="226" h="153" x="0.750000" y="-13.212482">
   <element name="compassmiddle" layername="compassmiddle" frame="0" z_index="1" m_a="1.000000" m_b="0.000000" m_c="0.000000" m_d="1.000000" m_tx="0.400000" m_ty="-44.150002"/>
   <element name="needle" layername="needle" frame="0" z_index="2" m_a="0.667524" m_b="0.385741" m_c="-0.227800" m_d="0.394208" m_tx="0.450000" m_ty="-37.150002"/>
   <element name="compassbase" layername="compassbase" frame="0" z_index="3" m_a="1.000000" m_b="0.000000" m_c="0.000000" m_d="1.000000" m_tx="-3.200000" m_ty="-21.549999"/>
   <element name="compassshadow" layername="compassshadow" frame="0" z_index="4" m_a="1.000000" m_b="0.000000" m_c="0.000000" m_d="1.000000" m_tx="0.750000" m_ty="18.150000"/>
  </frame>
  <frame idx="1275" w="226" h="153" x="0.750000" y="-13.212482">
   <element name="compassmiddle" layername="compassmiddle" frame="0" z_index="1" m_a="1.000000" m_b="0.000000" m_c="0.000000" m_d="1.000000" m_tx="0.400000" m_ty="-44.150002"/>
   <element name="needle" layername="needle" frame="0" z_index="2" m_a="0.662231" m_b="0.389601" m_c="-0.233119" m_d="0.396248" m_tx="0.450000" m_ty="-37.150002"/>
   <element name="compassbase" layername="compassbase" frame="0" z_index="3" m_a="1.000000" m_b="0.000000" m_c="0.000000" m_d="1.000000" m_tx="-3.200000" m_ty="-21.549999"/>
   <element name="compassshadow" layername="compassshadow" frame="0" z_index="4" m_a="1.000000" m_b="0.000000" m_c="0.000000" m_d="1.000000" m_tx="0.750000" m_ty="18.150000"/>
  </frame>
  <frame idx="1300" w="226" h="153" x="0.750000" y="-13.212482">
   <element name="compassmiddle" layername="compassmiddle" frame="0" z_index="1" m_a="1.000000" m_b="0.000000" m_c="0.000000" m_d="1.000000" m_tx="0.400000" m_ty="-44.150002"/>
   <element name="needle" layername="needle" frame="0" z_index="2" m_a="0.657868" m_b="0.392659" m_c="-0.237499" m_d="0.397911" m_tx="0.450000" m_ty="-37.150002"/>
   <element name="compassbase" layername="compassbase" frame="0" z_index="3" m_a="1.000000" m_b="0.000000" m_c="0.000000" m_d="1.000000" m_tx="-3.200000" m_ty="-21.549999"/>
   <element name="compassshadow" layername="compassshadow" frame="0" z_index="4" m_a="1.000000" m_b="0.000000" m_c="0.000000" m_d="1.000000" m_tx="0.750000" m_ty="18.150000"/>
  </frame>
  <frame idx="1325" w="226" h="153" x="0.750000" y="-13.212482">
   <element name="compassmiddle" layername="compassmiddle" frame="0" z_index="1" m_a="1.000000" m_b="0.000000" m_c="0.000000" m_d="1.000000" m_tx="0.400000" m_ty="-44.150002"/>
   <element name="needle" layername="needle" frame="0" z_index="2" m_a="0.654583" m_b="0.394878" m_c="-0.240792" m_d="0.399158" m_tx="0.450000" m_ty="-37.150002"/>
   <element name="compassbase" layername="compassbase" frame="0" z_index="3" m_a="1.000000" m_b="0.000000" m_c="0.000000" m_d="1.000000" m_tx="-3.200000" m_ty="-21.549999"/>
   <element name="compassshadow" layername="compassshadow" frame="0" z_index="4" m_a="1.000000" m_b="0.000000" m_c="0.000000" m_d="1.000000" m_tx="0.750000" m_ty="18.150000"/>
  </frame>
  <frame idx="1350" w="226" h="153" x="0.750000" y="-13.212482">
   <element name="compassmiddle" layername="compassmiddle" frame="0" z_index="1" m_a="1.000000" m_b="0.000000" m_c="0.000000" m_d="1.000000" m_tx="0.400000" m_ty="-44.150002"/>
   <element name="needle" layername="needle" frame="0" z_index="2" m_a="0.652156" m_b="0.396483" m_c="-0.243226" m_d="0.400072" m_tx="0.450000" m_ty="-37.150002"/>
   <element name="compassbase" layername="compassbase" frame="0" z_index="3" m_a="1.000000" m_b="0.000000" m_c="0.000000" m_d="1.000000" m_tx="-3.200000" m_ty="-21.549999"/>
   <element name="compassshadow" layername="compassshadow" frame="0" z_index="4" m_a="1.000000" m_b="0.000000" m_c="0.000000" m_d="1.000000" m_tx="0.750000" m_ty="18.150000"/>
  </frame>
  <frame idx="1375" w="226" h="153" x="0.750000" y="-13.212482">
   <element name="compassmiddle" layername="compassmiddle" frame="0" z_index="1" m_a="1.000000" m_b="0.000000" m_c="0.000000" m_d="1.000000" m_tx="0.400000" m_ty="-44.150002"/>
   <element name="needle" layername="needle" frame="0" z_index="2" m_a="0.650610" m_b="0.397488" m_c="-0.244776" m_d="0.400651" m_tx="0.450000" m_ty="-37.150002"/>
   <element name="compassbase" layername="compassbase" frame="0" z_index="3" m_a="1.000000" m_b="0.000000" m_c="0.000000" m_d="1.000000" m_tx="-3.200000" m_ty="-21.549999"/>
   <element name="compassshadow" layername="compassshadow" frame="0" z_index="4" m_a="1.000000" m_b="0.000000" m_c="0.000000" m_d="1.000000" m_tx="0.750000" m_ty="18.150000"/>
  </frame>
  <frame idx="1400" w="226" h="153" x="0.750000" y="-13.212482">
   <element name="compassmiddle" layername="compassmiddle" frame="0" z_index="1" m_a="1.000000" m_b="0.000000" m_c="0.000000" m_d="1.000000" m_tx="0.400000" m_ty="-44.150002"/>
   <element name="needle" layername="needle" frame="0" z_index="2" m_a="0.649962" m_b="0.397906" m_c="-0.245425" m_d="0.400892" m_tx="0.450000" m_ty="-37.150002"/>
   <element name="compassbase" layername="compassbase" frame="0" z_index="3" m_a="1.000000" m_b="0.000000" m_c="0.000000" m_d="1.000000" m_tx="-3.200000" m_ty="-21.549999"/>
   <element name="compassshadow" layername="compassshadow" frame="0" z_index="4" m_a="1.000000" m_b="0.000000" m_c="0.000000" m_d="1.000000" m_tx="0.750000" m_ty="18.150000"/>
  </frame>
  <frame idx="1425" w="226" h="153" x="0.750000" y="-13.212482">
   <element name="compassmiddle" layername="compassmiddle" frame="0" z_index="1" m_a="1.000000" m_b="0.000000" m_c="0.000000" m_d="1.000000" m_tx="0.400000" m_ty="-44.150002"/>
   <element name="needle" layername="needle" frame="0" z_index="2" m_a="0.650619" m_b="0.397489" m_c="-0.244772" m_d="0.400648" m_tx="0.450000" m_ty="-37.150002"/>
   <element name="compassbase" layername="compassbase" frame="0" z_index="3" m_a="1.000000" m_b="0.000000" m_c="0.000000" m_d="1.000000" m_tx="-3.200000" m_ty="-21.549999"/>
   <element name="compassshadow" layername="compassshadow" frame="0" z_index="4" m_a="1.000000" m_b="0.000000" m_c="0.000000" m_d="1.000000" m_tx="0.750000" m_ty="18.150000"/>
  </frame>
  <frame idx="1450" w="226" h="153" x="0.750000" y="-13.212482">
   <element name="compassmiddle" layername="compassmiddle" frame="0" z_index="1" m_a="1.000000" m_b="0.000000" m_c="0.000000" m_d="1.000000" m_tx="0.400000" m_ty="-44.150002"/>
   <element name="needle" layername="needle" frame="0" z_index="2" m_a="0.652221" m_b="0.396454" m_c="-0.243174" m_d="0.400054" m_tx="0.450000" m_ty="-37.150002"/>
   <element name="compassbase" layername="compassbase" frame="0" z_index="3" m_a="1.000000" m_b="0.000000" m_c="0.000000" m_d="1.000000" m_tx="-3.200000" m_ty="-21.549999"/>
   <element name="compassshadow" layername="compassshadow" frame="0" z_index="4" m_a="1.000000" m_b="0.000000" m_c="0.000000" m_d="1.000000" m_tx="0.750000" m_ty="18.150000"/>
  </frame>
  <frame idx="1475" w="226" h="153" x="0.750000" y="-13.212482">
   <element name="compassmiddle" layername="compassmiddle" frame="0" z_index="1" m_a="1.000000" m_b="0.000000" m_c="0.000000" m_d="1.000000" m_tx="0.400000" m_ty="-44.150002"/>
   <element name="needle" layername="needle" frame="0" z_index="2" m_a="0.654728" m_b="0.394805" m_c="-0.240673" m_d="0.399122" m_tx="0.450000" m_ty="-37.150002"/>
   <element name="compassbase" layername="compassbase" frame="0" z_index="3" m_a="1.000000" m_b="0.000000" m_c="0.000000" m_d="1.000000" m_tx="-3.200000" m_ty="-21.549999"/>
   <element name="compassshadow" layername="compassshadow" frame="0" z_index="4" m_a="1.000000" m_b="0.000000" m_c="0.000000" m_d="1.000000" m_tx="0.750000" m_ty="18.150000"/>
  </frame>
  <frame idx="1500" w="226" h="153" x="0.750000" y="-13.212482">
   <element name="compassmiddle" layername="compassmiddle" frame="0" z_index="1" m_a="1.000000" m_b="0.000000" m_c="0.000000" m_d="1.000000" m_tx="0.400000" m_ty="-44.150002"/>
   <element name="needle" layername="needle" frame="0" z_index="2" m_a="0.658089" m_b="0.392549" m_c="-0.237323" m_d="0.397861" m_tx="0.450000" m_ty="-37.150002"/>
   <element name="compassbase" layername="compassbase" frame="0" z_index="3" m_a="1.000000" m_b="0.000000" m_c="0.000000" m_d="1.000000" m_tx="-3.200000" m_ty="-21.549999"/>
   <element name="compassshadow" layername="compassshadow" frame="0" z_index="4" m_a="1.000000" m_b="0.000000" m_c="0.000000" m_d="1.000000" m_tx="0.750000" m_ty="18.150000"/>
  </frame>
  <frame idx="1525" w="226" h="153" x="0.750000" y="-13.212482">
   <element name="compassmiddle" layername="compassmiddle" frame="0" z_index="1" m_a="1.000000" m_b="0.000000" m_c="0.000000" m_d="1.000000" m_tx="0.400000" m_ty="-44.150002"/>
   <element name="needle" layername="needle" frame="0" z_index="2" m_a="0.662831" m_b="0.389241" m_c="-0.232589" m_d="0.396071" m_tx="0.450000" m_ty="-37.150002"/>
   <element name="compassbase" layername="compassbase" frame="0" z_index="3" m_a="1.000000" m_b="0.000000" m_c="0.000000" m_d="1.000000" m_tx="-3.200000" m_ty="-21.549999"/>
   <element name="compassshadow" layername="compassshadow" frame="0" z_index="4" m_a="1.000000" m_b="0.000000" m_c="0.000000" m_d="1.000000" m_tx="0.750000" m_ty="18.150000"/>
  </frame>
  <frame idx="1550" w="226" h="153" x="0.750000" y="-13.212482">
   <element name="compassmiddle" layername="compassmiddle" frame="0" z_index="1" m_a="1.000000" m_b="0.000000" m_c="0.000000" m_d="1.000000" m_tx="0.400000" m_ty="-44.150002"/>
   <element name="needle" layername="needle" frame="0" z_index="2" m_a="0.668473" m_b="0.385132" m_c="-0.226949" m_d="0.393915" m_tx="0.450000" m_ty="-37.150002"/>
   <element name="compassbase" layername="compassbase" frame="0" z_index="3" m_a="1.000000" m_b="0.000000" m_c="0.000000" m_d="1.000000" m_tx="-3.200000" m_ty="-21.549999"/>
   <element name="compassshadow" layername="compassshadow" frame="0" z_index="4" m_a="1.000000" m_b="0.000000" m_c="0.000000" m_d="1.000000" m_tx="0.750000" m_ty="18.150000"/>
  </frame>
  <frame idx="1575" w="226" h="153" x="0.750000" y="-13.212482">
   <element name="compassmiddle" layername="compassmiddle" frame="0" z_index="1" m_a="1.000000" m_b="0.000000" m_c="0.000000" m_d="1.000000" m_tx="0.400000" m_ty="-44.150002"/>
   <element name="needle" layername="needle" frame="0" z_index="2" m_a="0.674936" m_b="0.380204" m_c="-0.220487" m_d="0.391408" m_tx="0.450000" m_ty="-37.150002"/>
   <element name="compassbase" layername="compassbase" frame="0" z_index="3" m_a="1.000000" m_b="0.000000" m_c="0.000000" m_d="1.000000" m_tx="-3.200000" m_ty="-21.549999"/>
   <element name="compassshadow" layername="compassshadow" frame="0" z_index="4" m_a="1.000000" m_b="0.000000" m_c="0.000000" m_d="1.000000" m_tx="0.750000" m_ty="18.150000"/>
  </frame>
  <frame idx="1600" w="226" h="153" x="0.750000" y="-13.212482">
   <element name="compassmiddle" layername="compassmiddle" frame="0" z_index="1" m_a="1.000000" m_b="0.000000" m_c="0.000000" m_d="1.000000" m_tx="0.400000" m_ty="-44.150002"/>
   <element name="needle" layername="needle" frame="0" z_index="2" m_a="0.682132" m_b="0.374435" m_c="-0.213289" m_d="0.388562" m_tx="0.450000" m_ty="-37.150002"/>
   <element name="compassbase" layername="compassbase" frame="0" z_index="3" m_a="1.000000" m_b="0.000000" m_c="0.000000" m_d="1.000000" m_tx="-3.200000" m_ty="-21.549999"/>
   <element name="compassshadow" layername="compassshadow" frame="0" z_index="4" m_a="1.000000" m_b="0.000000" m_c="0.000000" m_d="1.000000" m_tx="0.750000" m_ty="18.150000"/>
  </frame>
  <frame idx="1625" w="226" h="153" x="0.750000" y="-13.212482">
   <element name="compassmiddle" layername="compassmiddle" frame="0" z_index="1" m_a="1.000000" m_b="0.000000" m_c="0.000000" m_d="1.000000" m_tx="0.400000" m_ty="-44.150002"/>
   <element name="needle" layername="needle" frame="0" z_index="2" m_a="0.690800" m_b="0.366953" m_c="-0.204576" m_d="0.385119" m_tx="0.450000" m_ty="-37.150002"/>
   <element name="compassbase" layername="compassbase" frame="0" z_index="3" m_a="1.000000" m_b="0.000000" m_c="0.000000" m_d="1.000000" m_tx="-3.200000" m_ty="-21.549999"/>
   <element name="compassshadow" layername="compassshadow" frame="0" z_index="4" m_a="1.000000" m_b="0.000000" m_c="0.000000" m_d="1.000000" m_tx="0.750000" m_ty="18.150000"/>
  </frame>
  <frame idx="1650" w="226" h="153" x="0.750000" y="-13.212482">
   <element name="compassmiddle" layername="compassmiddle" frame="0" z_index="1" m_a="1.000000" m_b="0.000000" m_c="0.000000" m_d="1.000000" m_tx="0.400000" m_ty="-44.150002"/>
   <element name="needle" layername="needle" frame="0" z_index="2" m_a="0.700345" m_b="0.358108" m_c="-0.194951" m_d="0.381262" m_tx="0.450000" m_ty="-37.150002"/>
   <element name="compassbase" layername="compassbase" frame="0" z_index="3" m_a="1.000000" m_b="0.000000" m_c="0.000000" m_d="1.000000" m_tx="-3.200000" m_ty="-21.549999"/>
   <element name="compassshadow" layername="compassshadow" frame="0" z_index="4" m_a="1.000000" m_b="0.000000" m_c="0.000000" m_d="1.000000" m_tx="0.750000" m_ty="18.150000"/>
  </frame>
  <frame idx="1675" w="226" h="153" x="0.750000" y="-13.212482">
   <element name="compassmiddle" layername="compassmiddle" frame="0" z_index="1" m_a="1.000000" m_b="0.000000" m_c="0.000000" m_d="1.000000" m_tx="0.400000" m_ty="-44.150002"/>
   <element name="needle" layername="needle" frame="0" z_index="2" m_a="0.710630" m_b="0.347831" m_c="-0.184539" m_d="0.377019" m_tx="0.450000" m_ty="-37.150002"/>
   <element name="compassbase" layername="compassbase" frame="0" z_index="3" m_a="1.000000" m_b="0.000000" m_c="0.000000" m_d="1.000000" m_tx="-3.200000" m_ty="-21.549999"/>
   <element name="compassshadow" layername="compassshadow" frame="0" z_index="4" m_a="1.000000" m_b="0.000000" m_c="0.000000" m_d="1.000000" m_tx="0.750000" m_ty="18.150000"/>
  </frame>
  <frame idx="1700" w="226" h="153" x="0.750000" y="-13.212482">
   <element name="compassmiddle" layername="compassmiddle" frame="0" z_index="1" m_a="1.000000" m_b="0.000000" m_c="0.000000" m_d="1.000000" m_tx="0.400000" m_ty="-44.150002"/>
   <element name="needle" layername="needle" frame="0" z_index="2" m_a="0.721506" m_b="0.336064" m_c="-0.173467" m_d="0.372422" m_tx="0.450000" m_ty="-37.150002"/>
   <element name="compassbase" layername="compassbase" frame="0" z_index="3" m_a="1.000000" m_b="0.000000" m_c="0.000000" m_d="1.000000" m_tx="-3.200000" m_ty="-21.549999"/>
   <element name="compassshadow" layername="compassshadow" frame="0" z_index="4" m_a="1.000000" m_b="0.000000" m_c="0.000000" m_d="1.000000" m_tx="0.750000" m_ty="18.150000"/>
  </frame>
  <frame idx="1725" w="226" h="153" x="0.750000" y="-13.212482">
   <element name="compassmiddle" layername="compassmiddle" frame="0" z_index="1" m_a="1.000000" m_b="0.000000" m_c="0.000000" m_d="1.000000" m_tx="0.400000" m_ty="-44.150002"/>
   <element name="needle" layername="needle" frame="0" z_index="2" m_a="0.733890" m_b="0.321085" m_c="-0.160670" m_d="0.367236" m_tx="0.450000" m_ty="-37.150002"/>
   <element name="compassbase" layername="compassbase" frame="0" z_index="3" m_a="1.000000" m_b="0.000000" m_c="0.000000" m_d="1.000000" m_tx="-3.200000" m_ty="-21.549999"/>
   <element name="compassshadow" layername="compassshadow" frame="0" z_index="4" m_a="1.000000" m_b="0.000000" m_c="0.000000" m_d="1.000000" m_tx="0.750000" m_ty="18.150000"/>
  </frame>
  <frame idx="1750" w="226" h="153" x="0.750000" y="-13.212482">
   <element name="compassmiddle" layername="compassmiddle" frame="0" z_index="1" m_a="1.000000" m_b="0.000000" m_c="0.000000" m_d="1.000000" m_tx="0.400000" m_ty="-44.150002"/>
   <element name="needle" layername="needle" frame="0" z_index="2" m_a="0.746986" m_b="0.303453" m_c="-0.146924" m_d="0.361672" m_tx="0.450000" m_ty="-37.150002"/>
   <element name="compassbase" layername="compassbase" frame="0" z_index="3" m_a="1.000000" m_b="0.000000" m_c="0.000000" m_d="1.000000" m_tx="-3.200000" m_ty="-21.549999"/>
   <element name="compassshadow" layername="compassshadow" frame="0" z_index="4" m_a="1.000000" m_b="0.000000" m_c="0.000000" m_d="1.000000" m_tx="0.750000" m_ty="18.150000"/>
  </frame>
  <frame idx="1775" w="226" h="153" x="0.750000" y="-13.212482">
   <element name="compassmiddle" layername="compassmiddle" frame="0" z_index="1" m_a="1.000000" m_b="0.000000" m_c="0.000000" m_d="1.000000" m_tx="0.400000" m_ty="-44.150002"/>
   <element name="needle" layername="needle" frame="0" z_index="2" m_a="0.760509" m_b="0.283018" m_c="-0.132411" m_d="0.355806" m_tx="0.450000" m_ty="-37.150002"/>
   <element name="compassbase" layername="compassbase" frame="0" z_index="3" m_a="1.000000" m_b="0.000000" m_c="0.000000" m_d="1.000000" m_tx="-3.200000" m_ty="-21.549999"/>
   <element name="compassshadow" layername="compassshadow" frame="0" z_index="4" m_a="1.000000" m_b="0.000000" m_c="0.000000" m_d="1.000000" m_tx="0.750000" m_ty="18.150000"/>
  </frame>
  <frame idx="1800" w="226" h="153" x="0.750000" y="-13.212482">
   <element name="compassmiddle" layername="compassmiddle" frame="0" z_index="1" m_a="1.000000" m_b="0.000000" m_c="0.000000" m_d="1.000000" m_tx="0.400000" m_ty="-44.150002"/>
   <element name="needle" layername="needle" frame="0" z_index="2" m_a="0.774138" m_b="0.259651" m_c="-0.117301" m_d="0.349726" m_tx="0.450000" m_ty="-37.150002"/>
   <element name="compassbase" layername="compassbase" frame="0" z_index="3" m_a="1.000000" m_b="0.000000" m_c="0.000000" m_d="1.000000" m_tx="-3.200000" m_ty="-21.549999"/>
   <element name="compassshadow" layername="compassshadow" frame="0" z_index="4" m_a="1.000000" m_b="0.000000" m_c="0.000000" m_d="1.000000" m_tx="0.750000" m_ty="18.150000"/>
  </frame>
  <frame idx="1825" w="226" h="153" x="0.750000" y="-13.212482">
   <element name="compassmiddle" layername="compassmiddle" frame="0" z_index="1" m_a="1.000000" m_b="0.000000" m_c="0.000000" m_d="1.000000" m_tx="0.400000" m_ty="-44.150002"/>
   <element name="needle" layername="needle" frame="0" z_index="2" m_a="0.788642" m_b="0.229916" m_c="-0.100160" m_d="0.343562" m_tx="0.450000" m_ty="-37.150002"/>
   <element name="compassbase" layername="compassbase" frame="0" z_index="3" m_a="1.000000" m_b="0.000000" m_c="0.000000" m_d="1.000000" m_tx="-3.200000" m_ty="-21.549999"/>
   <element name="compassshadow" layername="compassshadow" frame="0" z_index="4" m_a="1.000000" m_b="0.000000" m_c="0.000000" m_d="1.000000" m_tx="0.750000" m_ty="18.150000"/>
  </frame>
  <frame idx="1850" w="226" h="153" x="0.750000" y="-13.212482">
   <element name="compassmiddle" layername="compassmiddle" frame="0" z_index="1" m_a="1.000000" m_b="0.000000" m_c="0.000000" m_d="1.000000" m_tx="0.400000" m_ty="-44.150002"/>
   <element name="needle" layername="needle" frame="0" z_index="2" m_a="0.802723" m_b="0.194997" m_c="-0.081995" m_d="0.337541" m_tx="0.450000" m_ty="-37.150002"/>
   <element name="compassbase" layername="compassbase" frame="0" z_index="3" m_a="1.000000" m_b="0.000000" m_c="0.000000" m_d="1.000000" m_tx="-3.200000" m_ty="-21.549999"/>
   <element name="compassshadow" layername="compassshadow" frame="0" z_index="4" m_a="1.000000" m_b="0.000000" m_c="0.000000" m_d="1.000000" m_tx="0.750000" m_ty="18.150000"/>
  </frame>
  <frame idx="1875" w="226" h="153" x="0.750000" y="-13.212482">
   <element name="compassmiddle" layername="compassmiddle" frame="0" z_index="1" m_a="1.000000" m_b="0.000000" m_c="0.000000" m_d="1.000000" m_tx="0.400000" m_ty="-44.150002"/>
   <element name="needle" layername="needle" frame="0" z_index="2" m_a="0.815573" m_b="0.154803" m_c="-0.062997" m_d="0.331900" m_tx="0.450000" m_ty="-37.150002"/>
   <element name="compassbase" layername="compassbase" frame="0" z_index="3" m_a="1.000000" m_b="0.000000" m_c="0.000000" m_d="1.000000" m_tx="-3.200000" m_ty="-21.549999"/>
   <element name="compassshadow" layername="compassshadow" frame="0" z_index="4" m_a="1.000000" m_b="0.000000" m_c="0.000000" m_d="1.000000" m_tx="0.750000" m_ty="18.150000"/>
  </frame>
  <frame idx="1900" w="226" h="153" x="0.750000" y="-13.212482">
   <element name="compassmiddle" layername="compassmiddle" frame="0" z_index="1" m_a="1.000000" m_b="0.000000" m_c="0.000000" m_d="1.000000" m_tx="0.400000" m_ty="-44.150002"/>
   <element name="needle" layername="needle" frame="0" z_index="2" m_a="0.826293" m_b="0.109361" m_c="-0.043266" m_d="0.326904" m_tx="0.450000" m_ty="-37.150002"/>
   <element name="compassbase" layername="compassbase" frame="0" z_index="3" m_a="1.000000" m_b="0.000000" m_c="0.000000" m_d="1.000000" m_tx="-3.200000" m_ty="-21.549999"/>
   <element name="compassshadow" layername="compassshadow" frame="0" z_index="4" m_a="1.000000" m_b="0.000000" m_c="0.000000" m_d="1.000000" m_tx="0.750000" m_ty="18.150000"/>
  </frame>
  <frame idx="1925" w="226" h="153" x="0.750000" y="-13.212482">
   <element name="compassmiddle" layername="compassmiddle" frame="0" z_index="1" m_a="1.000000" m_b="0.000000" m_c="0.000000" m_d="1.000000" m_tx="0.400000" m_ty="-44.150002"/>
   <element name="needle" layername="needle" frame="0" z_index="2" m_a="0.833856" m_b="0.053324" m_c="-0.020730" m_d="0.324160" m_tx="0.450000" m_ty="-37.150002"/>
   <element name="compassbase" layername="compassbase" frame="0" z_index="3" m_a="1.000000" m_b="0.000000" m_c="0.000000" m_d="1.000000" m_tx="-3.200000" m_ty="-21.549999"/>
   <element name="compassshadow" layername="compassshadow" frame="0" z_index="4" m_a="1.000000" m_b="0.000000" m_c="0.000000" m_d="1.000000" m_tx="0.750000" m_ty="18.150000"/>
  </frame>
 </anim>
</Anims>
