<Anims>
 <anim name="idle" root="monkeycompass" numframes="1950" framerate="40">
  <frame idx="0" w="226" h="153" x="0.750000" y="-13.212482">
   <element name="compassmiddle" layername="compassmiddle" frame="0" z_index="1" m_a="1.000000" m_b="0.000000" m_c="0.000000" m_d="1.000000" m_tx="0.400000" m_ty="-44.150002"/>
   <element name="needle" layername="needle" frame="0" z_index="2" m_a="0.836685" m_b="-0.000004" m_c="0.000002" m_d="0.322510" m_tx="0.450000" m_ty="-37.150002"/>
   <element name="compassbase" layername="compassbase" frame="0" z_index="3" m_a="1.000000" m_b="0.000000" m_c="0.000000" m_d="1.000000" m_tx="-3.200000" m_ty="-21.549999"/>
   <element name="compassshadow" layername="compassshadow" frame="0" z_index="4" m_a="1.000000" m_b="0.000000" m_c="0.000000" m_d="1.000000" m_tx="0.750000" m_ty="18.150000"/>
  </frame>
  <frame idx="25" w="226" h="153" x="0.750000" y="-13.212482">
   <element name="compassmiddle" layername="compassmiddle" frame="0" z_index="1" m_a="1.000000" m_b="0.000000" m_c="0.000000" m_d="1.000000" m_tx="0.400000" m_ty="-44.150002"/>
   <element name="needle" layername="needle" frame="0" z_index="2" m_a="0.835487" m_b="-0.040595" m_c="0.015648" m_d="0.322048" m_tx="0.450000" m_ty="-37.150002"/>
   <element name="compassbase" layername="compassbase" frame="0" z_index="3" m_a="1.000000" m_b="0.000000" m_c="0.000000" m_d="1.000000" m_tx="-3.200000" m_ty="-21.549999"/>
   <element name="compassshadow" layername="compassshadow" frame="0" z_index="4" m_a="1.000000" m_b="0.000000" m_c="0.000000" m_d="1.000000" m_tx="0.750000" m_ty="18.150000"/>
  </frame>
  <frame idx="50" w="226" h="158" x="0.750000" y="-14.307346">
   <element name="compassmiddle" layername="compassmiddle" frame="0" z_index="1" m_a="1.000000" m_b="0.000000" m_c="0.000000" m_d="1.000000" m_tx="0.400000" m_ty="-44.150002"/>
   <element name="needle" layername="needle" frame="0" z_index="2" m_a="0.832673" m_b="-0.077573" m_c="0.029901" m_d="0.320963" m_tx="0.450000" m_ty="-37.150002"/>
   <element name="compassbase" layername="compassbase" frame="0" z_index="3" m_a="1.000000" m_b="0.000000" m_c="0.000000" m_d="1.000000" m_tx="-3.200000" m_ty="-21.549999"/>
   <element name="compassshadow" layername="compassshadow" frame="0" z_index="4" m_a="1.000000" m_b="0.000000" m_c="0.000000" m_d="1.000000" m_tx="0.750000" m_ty="18.150000"/>
  </frame>
  <frame idx="75" w="226" h="165" x="0.750000" y="-16.774696">
   <element name="compassmiddle" layername="compassmiddle" frame="0" z_index="1" m_a="1.000000" m_b="0.000000" m_c="0.000000" m_d="1.000000" m_tx="0.400000" m_ty="-44.150002"/>
   <element name="needle" layername="needle" frame="0" z_index="2" m_a="0.828744" m_b="-0.110692" m_c="0.042668" m_d="0.319449" m_tx="0.450000" m_ty="-37.150002"/>
   <element name="compassbase" layername="compassbase" frame="0" z_index="3" m_a="1.000000" m_b="0.000000" m_c="0.000000" m_d="1.000000" m_tx="-3.200000" m_ty="-21.549999"/>
   <element name="compassshadow" layername="compassshadow" frame="0" z_index="4" m_a="1.000000" m_b="0.000000" m_c="0.000000" m_d="1.000000" m_tx="0.750000" m_ty="18.150000"/>
  </frame>
  <frame idx="100" w="226" h="173" x="0.750000" y="-18.955078">
   <element name="compassmiddle" layername="compassmiddle" frame="0" z_index="1" m_a="1.000000" m_b="0.000000" m_c="0.000000" m_d="1.000000" m_tx="0.400000" m_ty="-44.150002"/>
   <element name="needle" layername="needle" frame="0" z_index="2" m_a="0.824148" m_b="-0.139959" m_c="0.053949" m_d="0.317678" m_tx="0.450000" m_ty="-37.150002"/>
   <element name="compassbase" layername="compassbase" frame="0" z_index="3" m_a="1.000000" m_b="0.000000" m_c="0.000000" m_d="1.000000" m_tx="-3.200000" m_ty="-21.549999"/>
   <element name="compassshadow" layername="compassshadow" frame="0" z_index="4" m_a="1.000000" m_b="0.000000" m_c="0.000000" m_d="1.000000" m_tx="0.750000" m_ty="18.150000"/>
  </frame>
  <frame idx="125" w="226" h="179" x="0.750000" y="-20.730492">
   <element name="compassmiddle" layername="compassmiddle" frame="0" z_index="1" m_a="1.000000" m_b="0.000000" m_c="0.000000" m_d="1.000000" m_tx="0.400000" m_ty="-44.150002"/>
   <element name="needle" layername="needle" frame="0" z_index="2" m_a="0.819615" m_b="-0.163790" m_c="0.063135" m_d="0.315930" m_tx="0.450000" m_ty="-37.150002"/>
   <element name="compassbase" layername="compassbase" frame="0" z_index="3" m_a="1.000000" m_b="0.000000" m_c="0.000000" m_d="1.000000" m_tx="-3.200000" m_ty="-21.549999"/>
   <element name="compassshadow" layername="compassshadow" frame="0" z_index="4" m_a="1.000000" m_b="0.000000" m_c="0.000000" m_d="1.000000" m_tx="0.750000" m_ty="18.150000"/>
  </frame>
  <frame idx="150" w="226" h="184" x="0.750000" y="-22.341438">
   <element name="compassmiddle" layername="compassmiddle" frame="0" z_index="1" m_a="1.000000" m_b="0.000000" m_c="0.000000" m_d="1.000000" m_tx="0.400000" m_ty="-44.150002"/>
   <element name="needle" layername="needle" frame="0" z_index="2" m_a="0.814877" m_b="-0.185413" m_c="0.071470" m_d="0.314103" m_tx="0.450000" m_ty="-37.150002"/>
   <element name="compassbase" layername="compassbase" frame="0" z_index="3" m_a="1.000000" m_b="0.000000" m_c="0.000000" m_d="1.000000" m_tx="-3.200000" m_ty="-21.549999"/>
   <element name="compassshadow" layername="compassshadow" frame="0" z_index="4" m_a="1.000000" m_b="0.000000" m_c="0.000000" m_d="1.000000" m_tx="0.750000" m_ty="18.150000"/>
  </frame>
  <frame idx="175" w="226" h="189" x="0.750000" y="-23.772316">
   <element name="compassmiddle" layername="compassmiddle" frame="0" z_index="1" m_a="1.000000" m_b="0.000000" m_c="0.000000" m_d="1.000000" m_tx="0.400000" m_ty="-44.150002"/>
   <element name="needle" layername="needle" frame="0" z_index="2" m_a="0.810160" m_b="-0.204620" m_c="0.078873" m_d="0.312285" m_tx="0.450000" m_ty="-37.150002"/>
   <element name="compassbase" layername="compassbase" frame="0" z_index="3" m_a="1.000000" m_b="0.000000" m_c="0.000000" m_d="1.000000" m_tx="-3.200000" m_ty="-21.549999"/>
   <element name="compassshadow" layername="compassshadow" frame="0" z_index="4" m_a="1.000000" m_b="0.000000" m_c="0.000000" m_d="1.000000" m_tx="0.750000" m_ty="18.150000"/>
  </frame>
  <frame idx="200" w="226" h="193" x="0.750000" y="-25.016754">
   <element name="compassmiddle" layername="compassmiddle" frame="0" z_index="1" m_a="1.000000" m_b="0.000000" m_c="0.000000" m_d="1.000000" m_tx="0.400000" m_ty="-44.150002"/>
   <element name="needle" layername="needle" frame="0" z_index="2" m_a="0.805663" m_b="-0.221324" m_c="0.085312" m_d="0.310552" m_tx="0.450000" m_ty="-37.150002"/>
   <element name="compassbase" layername="compassbase" frame="0" z_index="3" m_a="1.000000" m_b="0.000000" m_c="0.000000" m_d="1.000000" m_tx="-3.200000" m_ty="-21.549999"/>
   <element name="compassshadow" layername="compassshadow" frame="0" z_index="4" m_a="1.000000" m_b="0.000000" m_c="0.000000" m_d="1.000000" m_tx="0.750000" m_ty="18.150000"/>
  </frame>
  <frame idx="225" w="226" h="196" x="0.750000" y="-25.985321">
   <element name="compassmiddle" layername="compassmiddle" frame="0" z_index="1" m_a="1.000000" m_b="0.000000" m_c="0.000000" m_d="1.000000" m_tx="0.400000" m_ty="-44.150002"/>
   <element name="needle" layername="needle" frame="0" z_index="2" m_a="0.801905" m_b="-0.234325" m_c="0.090323" m_d="0.309103" m_tx="0.450000" m_ty="-37.150002"/>
   <element name="compassbase" layername="compassbase" frame="0" z_index="3" m_a="1.000000" m_b="0.000000" m_c="0.000000" m_d="1.000000" m_tx="-3.200000" m_ty="-21.549999"/>
   <element name="compassshadow" layername="compassshadow" frame="0" z_index="4" m_a="1.000000" m_b="0.000000" m_c="0.000000" m_d="1.000000" m_tx="0.750000" m_ty="18.150000"/>
  </frame>
  <frame idx="250" w="226" h="198" x="0.750000" y="-26.823486">
   <element name="compassmiddle" layername="compassmiddle" frame="0" z_index="1" m_a="1.000000" m_b="0.000000" m_c="0.000000" m_d="1.000000" m_tx="0.400000" m_ty="-44.150002"/>
   <element name="needle" layername="needle" frame="0" z_index="2" m_a="0.798466" m_b="-0.245575" m_c="0.094660" m_d="0.307778" m_tx="0.450000" m_ty="-37.150002"/>
   <element name="compassbase" layername="compassbase" frame="0" z_index="3" m_a="1.000000" m_b="0.000000" m_c="0.000000" m_d="1.000000" m_tx="-3.200000" m_ty="-21.549999"/>
   <element name="compassshadow" layername="compassshadow" frame="0" z_index="4" m_a="1.000000" m_b="0.000000" m_c="0.000000" m_d="1.000000" m_tx="0.750000" m_ty="18.150000"/>
  </frame>
  <frame idx="275" w="226" h="201" x="0.750000" y="-27.518097">
   <element name="compassmiddle" layername="compassmiddle" frame="0" z_index="1" m_a="1.000000" m_b="0.000000" m_c="0.000000" m_d="1.000000" m_tx="0.400000" m_ty="-44.150002"/>
   <element name="needle" layername="needle" frame="0" z_index="2" m_a="0.795485" m_b="-0.254899" m_c="0.098254" m_d="0.306629" m_tx="0.450000" m_ty="-37.150002"/>
   <element name="compassbase" layername="compassbase" frame="0" z_index="3" m_a="1.000000" m_b="0.000000" m_c="0.000000" m_d="1.000000" m_tx="-3.200000" m_ty="-21.549999"/>
   <element name="compassshadow" layername="compassshadow" frame="0" z_index="4" m_a="1.000000" m_b="0.000000" m_c="0.000000" m_d="1.000000" m_tx="0.750000" m_ty="18.150000"/>
  </frame>
  <frame idx="300" w="226" h="203" x="0.750000" y="-28.062973">
   <element name="compassmiddle" layername="compassmiddle" frame="0" z_index="1" m_a="1.000000" m_b="0.000000" m_c="0.000000" m_d="1.000000" m_tx="0.400000" m_ty="-44.150002"/>
   <element name="needle" layername="needle" frame="0" z_index="2" m_a="0.793062" m_b="-0.262213" m_c="0.101073" m_d="0.305694" m_tx="0.450000" m_ty="-37.150002"/>
   <element name="compassbase" layername="compassbase" frame="0" z_index="3" m_a="1.000000" m_b="0.000000" m_c="0.000000" m_d="1.000000" m_tx="-3.200000" m_ty="-21.549999"/>
   <element name="compassshadow" layername="compassshadow" frame="0" z_index="4" m_a="1.000000" m_b="0.000000" m_c="0.000000" m_d="1.000000" m_tx="0.750000" m_ty="18.150000"/>
  </frame>
  <frame idx="325" w="226" h="204" x="0.750000" y="-28.382568">
   <element name="compassmiddle" layername="compassmiddle" frame="0" z_index="1" m_a="1.000000" m_b="0.000000" m_c="0.000000" m_d="1.000000" m_tx="0.400000" m_ty="-44.150002"/>
   <element name="needle" layername="needle" frame="0" z_index="2" m_a="0.791606" m_b="-0.266502" m_c="0.102726" m_d="0.305133" m_tx="0.450000" m_ty="-37.150002"/>
   <element name="compassbase" layername="compassbase" frame="0" z_index="3" m_a="1.000000" m_b="0.000000" m_c="0.000000" m_d="1.000000" m_tx="-3.200000" m_ty="-21.549999"/>
   <element name="compassshadow" layername="compassshadow" frame="0" z_index="4" m_a="1.000000" m_b="0.000000" m_c="0.000000" m_d="1.000000" m_tx="0.750000" m_ty="18.150000"/>
  </frame>
  <frame idx="350" w="226" h="205" x="0.750000" y="-28.568741">
   <element name="compassmiddle" layername="compassmiddle" frame="0" z_index="1" m_a="1.000000" m_b="0.000000" m_c="0.000000" m_d="1.000000" m_tx="0.400000" m_ty="-44.150002"/>
   <element name="needle" layername="needle" frame="0" z_index="2" m_a="0.790746" m_b="-0.269001" m_c="0.103690" m_d="0.304802" m_tx="0.450000" m_ty="-37.150002"/>
   <element name="compassbase" layername="compassbase" frame="0" z_index="3" m_a="1.000000" m_b="0.000000" m_c="0.000000" m_d="1.000000" m_tx="-3.200000" m_ty="-21.549999"/>
   <element name="compassshadow" layername="compassshadow" frame="0" z_index="4" m_a="1.000000" m_b="0.000000" m_c="0.000000" m_d="1.000000" m_tx="0.750000" m_ty="18.150000"/>
  </frame>
  <frame idx="375" w="226" h="205" x="0.750000" y="-28.622101">
   <element name="compassmiddle" layername="compassmiddle" frame="0" z_index="1" m_a="1.000000" m_b="0.000000" m_c="0.000000" m_d="1.000000" m_tx="0.400000" m_ty="-44.150002"/>
   <element name="needle" layername="needle" frame="0" z_index="2" m_a="0.790495" m_b="-0.269718" m_c="0.103966" m_d="0.304706" m_tx="0.450000" m_ty="-37.150002"/>
   <element name="compassbase" layername="compassbase" frame="0" z_index="3" m_a="1.000000" m_b="0.000000" m_c="0.000000" m_d="1.000000" m_tx="-3.200000" m_ty="-21.549999"/>
   <element name="compassshadow" layername="compassshadow" frame="0" z_index="4" m_a="1.000000" m_b="0.000000" m_c="0.000000" m_d="1.000000" m_tx="0.750000" m_ty="18.150000"/>
  </frame>
  <frame idx="400" w="226" h="204" x="0.750000" y="-28.552292">
   <element name="compassmiddle" layername="compassmiddle" frame="0" z_index="1" m_a="1.000000" m_b="0.000000" m_c="0.000000" m_d="1.000000" m_tx="0.400000" m_ty="-44.150002"/>
   <element name="needle" layername="needle" frame="0" z_index="2" m_a="0.790814" m_b="-0.268781" m_c="0.103605" m_d="0.304829" m_tx="0.450000" m_ty="-37.150002"/>
   <element name="compassbase" layername="compassbase" frame="0" z_index="3" m_a="1.000000" m_b="0.000000" m_c="0.000000" m_d="1.000000" m_tx="-3.200000" m_ty="-21.549999"/>
   <element name="compassshadow" layername="compassshadow" frame="0" z_index="4" m_a="1.000000" m_b="0.000000" m_c="0.000000" m_d="1.000000" m_tx="0.750000" m_ty="18.150000"/>
  </frame>
  <frame idx="425" w="226" h="204" x="0.750000" y="-28.351593">
   <element name="compassmiddle" layername="compassmiddle" frame="0" z_index="1" m_a="1.000000" m_b="0.000000" m_c="0.000000" m_d="1.000000" m_tx="0.400000" m_ty="-44.150002"/>
   <element name="needle" layername="needle" frame="0" z_index="2" m_a="0.791724" m_b="-0.266087" m_c="0.102566" m_d="0.305179" m_tx="0.450000" m_ty="-37.150002"/>
   <element name="compassbase" layername="compassbase" frame="0" z_index="3" m_a="1.000000" m_b="0.000000" m_c="0.000000" m_d="1.000000" m_tx="-3.200000" m_ty="-21.549999"/>
   <element name="compassshadow" layername="compassshadow" frame="0" z_index="4" m_a="1.000000" m_b="0.000000" m_c="0.000000" m_d="1.000000" m_tx="0.750000" m_ty="18.150000"/>
  </frame>
  <frame idx="450" w="226" h="203" x="0.750000" y="-28.060730">
   <element name="compassmiddle" layername="compassmiddle" frame="0" z_index="1" m_a="1.000000" m_b="0.000000" m_c="0.000000" m_d="1.000000" m_tx="0.400000" m_ty="-44.150002"/>
   <element name="needle" layername="needle" frame="0" z_index="2" m_a="0.793025" m_b="-0.262182" m_c="0.101061" m_d="0.305680" m_tx="0.450000" m_ty="-37.150002"/>
   <element name="compassbase" layername="compassbase" frame="0" z_index="3" m_a="1.000000" m_b="0.000000" m_c="0.000000" m_d="1.000000" m_tx="-3.200000" m_ty="-21.549999"/>
   <element name="compassshadow" layername="compassshadow" frame="0" z_index="4" m_a="1.000000" m_b="0.000000" m_c="0.000000" m_d="1.000000" m_tx="0.750000" m_ty="18.150000"/>
  </frame>
  <frame idx="475" w="226" h="202" x="0.750000" y="-27.675781">
   <element name="compassmiddle" layername="compassmiddle" frame="0" z_index="1" m_a="1.000000" m_b="0.000000" m_c="0.000000" m_d="1.000000" m_tx="0.400000" m_ty="-44.150002"/>
   <element name="needle" layername="needle" frame="0" z_index="2" m_a="0.794714" m_b="-0.257015" m_c="0.099069" m_d="0.306331" m_tx="0.450000" m_ty="-37.150002"/>
   <element name="compassbase" layername="compassbase" frame="0" z_index="3" m_a="1.000000" m_b="0.000000" m_c="0.000000" m_d="1.000000" m_tx="-3.200000" m_ty="-21.549999"/>
   <element name="compassshadow" layername="compassshadow" frame="0" z_index="4" m_a="1.000000" m_b="0.000000" m_c="0.000000" m_d="1.000000" m_tx="0.750000" m_ty="18.150000"/>
  </frame>
  <frame idx="500" w="226" h="200" x="0.750000" y="-27.198624">
   <element name="compassmiddle" layername="compassmiddle" frame="0" z_index="1" m_a="1.000000" m_b="0.000000" m_c="0.000000" m_d="1.000000" m_tx="0.400000" m_ty="-44.150002"/>
   <element name="needle" layername="needle" frame="0" z_index="2" m_a="0.796755" m_b="-0.250611" m_c="0.096601" m_d="0.307118" m_tx="0.450000" m_ty="-37.150002"/>
   <element name="compassbase" layername="compassbase" frame="0" z_index="3" m_a="1.000000" m_b="0.000000" m_c="0.000000" m_d="1.000000" m_tx="-3.200000" m_ty="-21.549999"/>
   <element name="compassshadow" layername="compassshadow" frame="0" z_index="4" m_a="1.000000" m_b="0.000000" m_c="0.000000" m_d="1.000000" m_tx="0.750000" m_ty="18.150000"/>
  </frame>
  <frame idx="525" w="226" h="198" x="0.750000" y="-26.602524">
   <element name="compassmiddle" layername="compassmiddle" frame="0" z_index="1" m_a="1.000000" m_b="0.000000" m_c="0.000000" m_d="1.000000" m_tx="0.400000" m_ty="-44.150002"/>
   <element name="needle" layername="needle" frame="0" z_index="2" m_a="0.799227" m_b="-0.242609" m_c="0.093516" m_d="0.308071" m_tx="0.450000" m_ty="-37.150002"/>
   <element name="compassbase" layername="compassbase" frame="0" z_index="3" m_a="1.000000" m_b="0.000000" m_c="0.000000" m_d="1.000000" m_tx="-3.200000" m_ty="-21.549999"/>
   <element name="compassshadow" layername="compassshadow" frame="0" z_index="4" m_a="1.000000" m_b="0.000000" m_c="0.000000" m_d="1.000000" m_tx="0.750000" m_ty="18.150000"/>
  </frame>
  <frame idx="550" w="226" h="196" x="0.750000" y="-25.903946">
   <element name="compassmiddle" layername="compassmiddle" frame="0" z_index="1" m_a="1.000000" m_b="0.000000" m_c="0.000000" m_d="1.000000" m_tx="0.400000" m_ty="-44.150002"/>
   <element name="needle" layername="needle" frame="0" z_index="2" m_a="0.802012" m_b="-0.233232" m_c="0.089902" m_d="0.309145" m_tx="0.450000" m_ty="-37.150002"/>
   <element name="compassbase" layername="compassbase" frame="0" z_index="3" m_a="1.000000" m_b="0.000000" m_c="0.000000" m_d="1.000000" m_tx="-3.200000" m_ty="-21.549999"/>
   <element name="compassshadow" layername="compassshadow" frame="0" z_index="4" m_a="1.000000" m_b="0.000000" m_c="0.000000" m_d="1.000000" m_tx="0.750000" m_ty="18.150000"/>
  </frame>
  <frame idx="575" w="226" h="193" x="0.750000" y="-25.099792">
   <element name="compassmiddle" layername="compassmiddle" frame="0" z_index="1" m_a="1.000000" m_b="0.000000" m_c="0.000000" m_d="1.000000" m_tx="0.400000" m_ty="-44.150002"/>
   <element name="needle" layername="needle" frame="0" z_index="2" m_a="0.805070" m_b="-0.222438" m_c="0.085741" m_d="0.310324" m_tx="0.450000" m_ty="-37.150002"/>
   <element name="compassbase" layername="compassbase" frame="0" z_index="3" m_a="1.000000" m_b="0.000000" m_c="0.000000" m_d="1.000000" m_tx="-3.200000" m_ty="-21.549999"/>
   <element name="compassshadow" layername="compassshadow" frame="0" z_index="4" m_a="1.000000" m_b="0.000000" m_c="0.000000" m_d="1.000000" m_tx="0.750000" m_ty="18.150000"/>
  </frame>
  <frame idx="600" w="226" h="190" x="0.750000" y="-24.193787">
   <element name="compassmiddle" layername="compassmiddle" frame="0" z_index="1" m_a="1.000000" m_b="0.000000" m_c="0.000000" m_d="1.000000" m_tx="0.400000" m_ty="-44.150002"/>
   <element name="needle" layername="needle" frame="0" z_index="2" m_a="0.808330" m_b="-0.210277" m_c="0.081054" m_d="0.311580" m_tx="0.450000" m_ty="-37.150002"/>
   <element name="compassbase" layername="compassbase" frame="0" z_index="3" m_a="1.000000" m_b="0.000000" m_c="0.000000" m_d="1.000000" m_tx="-3.200000" m_ty="-21.549999"/>
   <element name="compassshadow" layername="compassshadow" frame="0" z_index="4" m_a="1.000000" m_b="0.000000" m_c="0.000000" m_d="1.000000" m_tx="0.750000" m_ty="18.150000"/>
  </frame>
  <frame idx="625" w="226" h="186" x="0.750000" y="-23.163101">
   <element name="compassmiddle" layername="compassmiddle" frame="0" z_index="1" m_a="1.000000" m_b="0.000000" m_c="0.000000" m_d="1.000000" m_tx="0.400000" m_ty="-44.150002"/>
   <element name="needle" layername="needle" frame="0" z_index="2" m_a="0.811801" m_b="-0.196442" m_c="0.075721" m_d="0.312918" m_tx="0.450000" m_ty="-37.150002"/>
   <element name="compassbase" layername="compassbase" frame="0" z_index="3" m_a="1.000000" m_b="0.000000" m_c="0.000000" m_d="1.000000" m_tx="-3.200000" m_ty="-21.549999"/>
   <element name="compassshadow" layername="compassshadow" frame="0" z_index="4" m_a="1.000000" m_b="0.000000" m_c="0.000000" m_d="1.000000" m_tx="0.750000" m_ty="18.150000"/>
  </frame>
  <frame idx="650" w="226" h="183" x="0.750000" y="-22.003616">
   <element name="compassmiddle" layername="compassmiddle" frame="0" z_index="1" m_a="1.000000" m_b="0.000000" m_c="0.000000" m_d="1.000000" m_tx="0.400000" m_ty="-44.150002"/>
   <element name="needle" layername="needle" frame="0" z_index="2" m_a="0.815407" m_b="-0.180879" m_c="0.069722" m_d="0.314308" m_tx="0.450000" m_ty="-37.150002"/>
   <element name="compassbase" layername="compassbase" frame="0" z_index="3" m_a="1.000000" m_b="0.000000" m_c="0.000000" m_d="1.000000" m_tx="-3.200000" m_ty="-21.549999"/>
   <element name="compassshadow" layername="compassshadow" frame="0" z_index="4" m_a="1.000000" m_b="0.000000" m_c="0.000000" m_d="1.000000" m_tx="0.750000" m_ty="18.150000"/>
  </frame>
  <frame idx="675" w="226" h="179" x="0.750000" y="-20.712738">
   <element name="compassmiddle" layername="compassmiddle" frame="0" z_index="1" m_a="1.000000" m_b="0.000000" m_c="0.000000" m_d="1.000000" m_tx="0.400000" m_ty="-44.150002"/>
   <element name="needle" layername="needle" frame="0" z_index="2" m_a="0.819055" m_b="-0.163552" m_c="0.063043" m_d="0.315714" m_tx="0.450000" m_ty="-37.150002"/>
   <element name="compassbase" layername="compassbase" frame="0" z_index="3" m_a="1.000000" m_b="0.000000" m_c="0.000000" m_d="1.000000" m_tx="-3.200000" m_ty="-21.549999"/>
   <element name="compassshadow" layername="compassshadow" frame="0" z_index="4" m_a="1.000000" m_b="0.000000" m_c="0.000000" m_d="1.000000" m_tx="0.750000" m_ty="18.150000"/>
  </frame>
  <frame idx="700" w="226" h="174" x="0.750000" y="-19.296692">
   <element name="compassmiddle" layername="compassmiddle" frame="0" z_index="1" m_a="1.000000" m_b="0.000000" m_c="0.000000" m_d="1.000000" m_tx="0.400000" m_ty="-44.150002"/>
   <element name="needle" layername="needle" frame="0" z_index="2" m_a="0.822619" m_b="-0.144544" m_c="0.055716" m_d="0.317088" m_tx="0.450000" m_ty="-37.150002"/>
   <element name="compassbase" layername="compassbase" frame="0" z_index="3" m_a="1.000000" m_b="0.000000" m_c="0.000000" m_d="1.000000" m_tx="-3.200000" m_ty="-21.549999"/>
   <element name="compassshadow" layername="compassshadow" frame="0" z_index="4" m_a="1.000000" m_b="0.000000" m_c="0.000000" m_d="1.000000" m_tx="0.750000" m_ty="18.150000"/>
  </frame>
  <frame idx="725" w="226" h="169" x="0.750000" y="-17.729126">
   <element name="compassmiddle" layername="compassmiddle" frame="0" z_index="1" m_a="1.000000" m_b="0.000000" m_c="0.000000" m_d="1.000000" m_tx="0.400000" m_ty="-44.150002"/>
   <element name="needle" layername="needle" frame="0" z_index="2" m_a="0.826037" m_b="-0.123503" m_c="0.047606" m_d="0.318405" m_tx="0.450000" m_ty="-37.150002"/>
   <element name="compassbase" layername="compassbase" frame="0" z_index="3" m_a="1.000000" m_b="0.000000" m_c="0.000000" m_d="1.000000" m_tx="-3.200000" m_ty="-21.549999"/>
   <element name="compassshadow" layername="compassshadow" frame="0" z_index="4" m_a="1.000000" m_b="0.000000" m_c="0.000000" m_d="1.000000" m_tx="0.750000" m_ty="18.150000"/>
  </frame>
  <frame idx="750" w="226" h="163" x="0.750000" y="-15.987259">
   <element name="compassmiddle" layername="compassmiddle" frame="0" z_index="1" m_a="1.000000" m_b="0.000000" m_c="0.000000" m_d="1.000000" m_tx="0.400000" m_ty="-44.150002"/>
   <element name="needle" layername="needle" frame="0" z_index="2" m_a="0.829192" m_b="-0.100122" m_c="0.038593" m_d="0.319621" m_tx="0.450000" m_ty="-37.150002"/>
   <element name="compassbase" layername="compassbase" frame="0" z_index="3" m_a="1.000000" m_b="0.000000" m_c="0.000000" m_d="1.000000" m_tx="-3.200000" m_ty="-21.549999"/>
   <element name="compassshadow" layername="compassshadow" frame="0" z_index="4" m_a="1.000000" m_b="0.000000" m_c="0.000000" m_d="1.000000" m_tx="0.750000" m_ty="18.150000"/>
  </frame>
  <frame idx="775" w="226" h="157" x="0.750000" y="-14.066799">
   <element name="compassmiddle" layername="compassmiddle" frame="0" z_index="1" m_a="1.000000" m_b="0.000000" m_c="0.000000" m_d="1.000000" m_tx="0.400000" m_ty="-44.150002"/>
   <element name="needle" layername="needle" frame="0" z_index="2" m_a="0.831895" m_b="-0.074344" m_c="0.028657" m_d="0.320664" m_tx="0.450000" m_ty="-37.150002"/>
   <element name="compassbase" layername="compassbase" frame="0" z_index="3" m_a="1.000000" m_b="0.000000" m_c="0.000000" m_d="1.000000" m_tx="-3.200000" m_ty="-21.549999"/>
   <element name="compassshadow" layername="compassshadow" frame="0" z_index="4" m_a="1.000000" m_b="0.000000" m_c="0.000000" m_d="1.000000" m_tx="0.750000" m_ty="18.150000"/>
  </frame>
  <frame idx="800" w="226" h="153" x="0.750000" y="-13.212482">
   <element name="compassmiddle" layername="compassmiddle" frame="0" z_index="1" m_a="1.000000" m_b="0.000000" m_c="0.000000" m_d="1.000000" m_tx="0.400000" m_ty="-44.150002"/>
   <element name="needle" layername="needle" frame="0" z_index="2" m_a="0.833923" m_b="-0.046274" m_c="0.017837" m_d="0.321445" m_tx="0.450000" m_ty="-37.150002"/>
   <element name="compassbase" layername="compassbase" frame="0" z_index="3" m_a="1.000000" m_b="0.000000" m_c="0.000000" m_d="1.000000" m_tx="-3.200000" m_ty="-21.549999"/>
   <element name="compassshadow" layername="compassshadow" frame="0" z_index="4" m_a="1.000000" m_b="0.000000" m_c="0.000000" m_d="1.000000" m_tx="0.750000" m_ty="18.150000"/>
  </frame>
  <frame idx="825" w="226" h="153" x="0.750000" y="-13.212482">
   <element name="compassmiddle" layername="compassmiddle" frame="0" z_index="1" m_a="1.000000" m_b="0.000000" m_c="0.000000" m_d="1.000000" m_tx="0.400000" m_ty="-44.150002"/>
   <element name="needle" layername="needle" frame="0" z_index="2" m_a="0.835060" m_b="-0.015318" m_c="0.005904" m_d="0.321884" m_tx="0.450000" m_ty="-37.150002"/>
   <element name="compassbase" layername="compassbase" frame="0" z_index="3" m_a="1.000000" m_b="0.000000" m_c="0.000000" m_d="1.000000" m_tx="-3.200000" m_ty="-21.549999"/>
   <element name="compassshadow" layername="compassshadow" frame="0" z_index="4" m_a="1.000000" m_b="0.000000" m_c="0.000000" m_d="1.000000" m_tx="0.750000" m_ty="18.150000"/>
  </frame>
  <frame idx="850" w="226" h="153" x="0.750000" y="-13.212482">
   <element name="compassmiddle" layername="compassmiddle" frame="0" z_index="1" m_a="1.000000" m_b="0.000000" m_c="0.000000" m_d="1.000000" m_tx="0.400000" m_ty="-44.150002"/>
   <element name="needle" layername="needle" frame="0" z_index="2" m_a="0.834977" m_b="0.019104" m_c="-0.007364" m_d="0.321851" m_tx="0.450000" m_ty="-37.150002"/>
   <element name="compassbase" layername="compassbase" frame="0" z_index="3" m_a="1.000000" m_b="0.000000" m_c="0.000000" m_d="1.000000" m_tx="-3.200000" m_ty="-21.549999"/>
   <element name="compassshadow" layername="compassshadow" frame="0" z_index="4" m_a="1.000000" m_b="0.000000" m_c="0.000000" m_d="1.000000" m_tx="0.750000" m_ty="18.150000"/>
  </frame>
  <frame idx="875" w="226" h="153" x="0.750000" y="-13.212482">
   <element name="compassmiddle" layername="compassmiddle" frame="0" z_index="1" m_a="1.000000" m_b="0.000000" m_c="0.000000" m_d="1.000000" m_tx="0.400000" m_ty="-44.150002"/>
   <element name="needle" layername="needle" frame="0" z_index="2" m_a="0.833356" m_b="0.055489" m_c="-0.021389" m_d="0.321227" m_tx="0.450000" m_ty="-37.150002"/>
   <element name="compassbase" layername="compassbase" frame="0" z_index="3" m_a="1.000000" m_b="0.000000" m_c="0.000000" m_d="1.000000" m_tx="-3.200000" m_ty="-21.549999"/>
   <element name="compassshadow" layername="compassshadow" frame="0" z_index="4" m_a="1.000000" m_b="0.000000" m_c="0.000000" m_d="1.000000" m_tx="0.750000" m_ty="18.150000"/>
  </frame>
  <frame idx="900" w="226" h="153" x="0.750000" y="-13.212482">
   <element name="compassmiddle" layername="compassmiddle" frame="0" z_index="1" m_a="1.000000" m_b="0.000000" m_c="0.000000" m_d="1.000000" m_tx="0.400000" m_ty="-44.150002"/>
   <element name="needle" layername="needle" frame="0" z_index="2" m_a="0.830161" m_b="0.091900" m_c="-0.035424" m_d="0.319995" m_tx="0.450000" m_ty="-37.150002"/>
   <element name="compassbase" layername="compassbase" frame="0" z_index="3" m_a="1.000000" m_b="0.000000" m_c="0.000000" m_d="1.000000" m_tx="-3.200000" m_ty="-21.549999"/>
   <element name="compassshadow" layername="compassshadow" frame="0" z_index="4" m_a="1.000000" m_b="0.000000" m_c="0.000000" m_d="1.000000" m_tx="0.750000" m_ty="18.150000"/>
  </frame>
  <frame idx="925" w="226" h="153" x="0.750000" y="-13.212482">
   <element name="compassmiddle" layername="compassmiddle" frame="0" z_index="1" m_a="1.000000" m_b="0.000000" m_c="0.000000" m_d="1.000000" m_tx="0.400000" m_ty="-44.150002"/>
   <element name="needle" layername="needle" frame="0" z_index="2" m_a="0.826145" m_b="0.123046" m_c="-0.047430" m_d="0.318447" m_tx="0.450000" m_ty="-37.150002"/>
   <element name="compassbase" layername="compassbase" frame="0" z_index="3" m_a="1.000000" m_b="0.000000" m_c="0.000000" m_d="1.000000" m_tx="-3.200000" m_ty="-21.549999"/>
   <element name="compassshadow" layername="compassshadow" frame="0" z_index="4" m_a="1.000000" m_b="0.000000" m_c="0.000000" m_d="1.000000" m_tx="0.750000" m_ty="18.150000"/>
  </frame>
  <frame idx="950" w="226" h="153" x="0.750000" y="-13.212482">
   <element name="compassmiddle" layername="compassmiddle" frame="0" z_index="1" m_a="1.000000" m_b="0.000000" m_c="0.000000" m_d="1.000000" m_tx="0.400000" m_ty="-44.150002"/>
   <element name="needle" layername="needle" frame="0" z_index="2" m_a="0.821271" m_b="0.152348" m_c="-0.058724" m_d="0.316568" m_tx="0.450000" m_ty="-37.150002"/>
   <element name="compassbase" layername="compassbase" frame="0" z_index="3" m_a="1.000000" m_b="0.000000" m_c="0.000000" m_d="1.000000" m_tx="-3.200000" m_ty="-21.549999"/>
   <element name="compassshadow" layername="compassshadow" frame="0" z_index="4" m_a="1.000000" m_b="0.000000" m_c="0.000000" m_d="1.000000" m_tx="0.750000" m_ty="18.150000"/>
  </frame>
  <frame idx="975" w="226" h="153" x="0.750000" y="-13.212482">
   <element name="compassmiddle" layername="compassmiddle" frame="0" z_index="1" m_a="1.000000" m_b="0.000000" m_c="0.000000" m_d="1.000000" m_tx="0.400000" m_ty="-44.150002"/>
   <element name="needle" layername="needle" frame="0" z_index="2" m_a="0.815783" m_b="0.179536" m_c="-0.069204" m_d="0.314453" m_tx="0.450000" m_ty="-37.150002"/>
   <element name="compassbase" layername="compassbase" frame="0" z_index="3" m_a="1.000000" m_b="0.000000" m_c="0.000000" m_d="1.000000" m_tx="-3.200000" m_ty="-21.549999"/>
   <element name="compassshadow" layername="compassshadow" frame="0" z_index="4" m_a="1.000000" m_b="0.000000" m_c="0.000000" m_d="1.000000" m_tx="0.750000" m_ty="18.150000"/>
  </frame>
  <frame idx="1000" w="226" h="153" x="0.750000" y="-13.212482">
   <element name="compassmiddle" layername="compassmiddle" frame="0" z_index="1" m_a="1.000000" m_b="0.000000" m_c="0.000000" m_d="1.000000" m_tx="0.400000" m_ty="-44.150002"/>
   <element name="needle" layername="needle" frame="0" z_index="2" m_a="0.809922" m_b="0.204445" m_c="-0.078806" m_d="0.312193" m_tx="0.450000" m_ty="-37.150002"/>
   <element name="compassbase" layername="compassbase" frame="0" z_index="3" m_a="1.000000" m_b="0.000000" m_c="0.000000" m_d="1.000000" m_tx="-3.200000" m_ty="-21.549999"/>
   <element name="compassshadow" layername="compassshadow" frame="0" z_index="4" m_a="1.000000" m_b="0.000000" m_c="0.000000" m_d="1.000000" m_tx="0.750000" m_ty="18.150000"/>
  </frame>
  <frame idx="1025" w="226" h="153" x="0.750000" y="-13.212482">
   <element name="compassmiddle" layername="compassmiddle" frame="0" z_index="1" m_a="1.000000" m_b="0.000000" m_c="0.000000" m_d="1.000000" m_tx="0.400000" m_ty="-44.150002"/>
   <element name="needle" layername="needle" frame="0" z_index="2" m_a="0.804241" m_b="0.225829" m_c="-0.087048" m_d="0.310004" m_tx="0.450000" m_ty="-37.150002"/>
   <element name="compassbase" layername="compassbase" frame="0" z_index="3" m_a="1.000000" m_b="0.000000" m_c="0.000000" m_d="1.000000" m_tx="-3.200000" m_ty="-21.549999"/>
   <element name="compassshadow" layername="compassshadow" frame="0" z_index="4" m_a="1.000000" m_b="0.000000" m_c="0.000000" m_d="1.000000" m_tx="0.750000" m_ty="18.150000"/>
  </frame>
  <frame idx="1050" w="226" h="153" x="0.750000" y="-13.212482">
   <element name="compassmiddle" layername="compassmiddle" frame="0" z_index="1" m_a="1.000000" m_b="0.000000" m_c="0.000000" m_d="1.000000" m_tx="0.400000" m_ty="-44.150002"/>
   <element name="needle" layername="needle" frame="0" z_index="2" m_a="0.798349" m_b="0.245905" m_c="-0.094787" m_d="0.307733" m_tx="0.450000" m_ty="-37.150002"/>
   <element name="compassbase" layername="compassbase" frame="0" z_index="3" m_a="1.000000" m_b="0.000000" m_c="0.000000" m_d="1.000000" m_tx="-3.200000" m_ty="-21.549999"/>
   <element name="compassshadow" layername="compassshadow" frame="0" z_index="4" m_a="1.000000" m_b="0.000000" m_c="0.000000" m_d="1.000000" m_tx="0.750000" m_ty="18.150000"/>
  </frame>
  <frame idx="1075" w="226" h="153" x="0.750000" y="-13.212482">
   <element name="compassmiddle" layername="compassmiddle" frame="0" z_index="1" m_a="1.000000" m_b="0.000000" m_c="0.000000" m_d="1.000000" m_tx="0.400000" m_ty="-44.150002"/>
   <element name="needle" layername="needle" frame="0" z_index="2" m_a="0.792406" m_b="0.264481" m_c="-0.101947" m_d="0.305442" m_tx="0.450000" m_ty="-37.150002"/>
   <element name="compassbase" layername="compassbase" frame="0" z_index="3" m_a="1.000000" m_b="0.000000" m_c="0.000000" m_d="1.000000" m_tx="-3.200000" m_ty="-21.549999"/>
   <element name="compassshadow" layername="compassshadow" frame="0" z_index="4" m_a="1.000000" m_b="0.000000" m_c="0.000000" m_d="1.000000" m_tx="0.750000" m_ty="18.150000"/>
  </frame>
  <frame idx="1100" w="226" h="153" x="0.750000" y="-13.212482">
   <element name="compassmiddle" layername="compassmiddle" frame="0" z_index="1" m_a="1.000000" m_b="0.000000" m_c="0.000000" m_d="1.000000" m_tx="0.400000" m_ty="-44.150002"/>
   <element name="needle" layername="needle" frame="0" z_index="2" m_a="0.786562" m_b="0.281429" m_c="-0.108480" m_d="0.303189" m_tx="0.450000" m_ty="-37.150002"/>
   <element name="compassbase" layername="compassbase" frame="0" z_index="3" m_a="1.000000" m_b="0.000000" m_c="0.000000" m_d="1.000000" m_tx="-3.200000" m_ty="-21.549999"/>
   <element name="compassshadow" layername="compassshadow" frame="0" z_index="4" m_a="1.000000" m_b="0.000000" m_c="0.000000" m_d="1.000000" m_tx="0.750000" m_ty="18.150000"/>
  </frame>
  <frame idx="1125" w="226" h="153" x="0.750000" y="-13.212482">
   <element name="compassmiddle" layername="compassmiddle" frame="0" z_index="1" m_a="1.000000" m_b="0.000000" m_c="0.000000" m_d="1.000000" m_tx="0.400000" m_ty="-44.150002"/>
   <element name="needle" layername="needle" frame="0" z_index="2" m_a="0.781289" m_b="0.295790" m_c="-0.114015" m_d="0.301156" m_tx="0.450000" m_ty="-37.150002"/>
   <element name="compassbase" layername="compassbase" frame="0" z_index="3" m_a="1.000000" m_b="0.000000" m_c="0.000000" m_d="1.000000" m_tx="-3.200000" m_ty="-21.549999"/>
   <element name="compassshadow" layername="compassshadow" frame="0" z_index="4" m_a="1.000000" m_b="0.000000" m_c="0.000000" m_d="1.000000" m_tx="0.750000" m_ty="18.150000"/>
  </frame>
  <frame idx="1150" w="226" h="153" x="0.750000" y="-13.212482">
   <element name="compassmiddle" layername="compassmiddle" frame="0" z_index="1" m_a="1.000000" m_b="0.000000" m_c="0.000000" m_d="1.000000" m_tx="0.400000" m_ty="-44.150002"/>
   <element name="needle" layername="needle" frame="0" z_index="2" m_a="0.776127" m_b="0.309112" m_c="-0.119151" m_d="0.299167" m_tx="0.450000" m_ty="-37.150002"/>
   <element name="compassbase" layername="compassbase" frame="0" z_index="3" m_a="1.000000" m_b="0.000000" m_c="0.000000" m_d="1.000000" m_tx="-3.200000" m_ty="-21.549999"/>
   <element name="compassshadow" layername="compassshadow" frame="0" z_index="4" m_a="1.000000" m_b="0.000000" m_c="0.000000" m_d="1.000000" m_tx="0.750000" m_ty="18.150000"/>
  </frame>
  <frame idx="1175" w="226" h="153" x="0.750000" y="-13.212482">
   <element name="compassmiddle" layername="compassmiddle" frame="0" z_index="1" m_a="1.000000" m_b="0.000000" m_c="0.000000" m_d="1.000000" m_tx="0.400000" m_ty="-44.150002"/>
   <element name="needle" layername="needle" frame="0" z_index="2" m_a="0.771237" m_b="0.321147" m_c="-0.123789" m_d="0.297282" m_tx="0.450000" m_ty="-37.150002"/>
   <element name="compassbase" layername="compassbase" frame="0" z_index="3" m_a="1.000000" m_b="0.000000" m_c="0.000000" m_d="1.000000" m_tx="-3.200000" m_ty="-21.549999"/>
   <element name="compassshadow" layername="compassshadow" frame="0" z_index="4" m_a="1.000000" m_b="0.000000" m_c="0.000000" m_d="1.000000" m_tx="0.750000" m_ty="18.150000"/>
  </frame>
  <frame idx="1200" w="226" h="153" x="0.750000" y="-13.212482">
   <element name="compassmiddle" layername="compassmiddle" frame="0" z_index="1" m_a="1.000000" m_b="0.000000" m_c="0.000000" m_d="1.000000" m_tx="0.400000" m_ty="-44.150002"/>
   <element name="needle" layername="needle" frame="0" z_index="2" m_a="0.766776" m_b="0.331680" m_c="-0.127850" m_d="0.295562" m_tx="0.450000" m_ty="-37.150002"/>
   <element name="compassbase" layername="compassbase" frame="0" z_index="3" m_a="1.000000" m_b="0.000000" m_c="0.000000" m_d="1.000000" m_tx="-3.200000" m_ty="-21.549999"/>
   <element name="compassshadow" layername="compassshadow" frame="0" z_index="4" m_a="1.000000" m_b="0.000000" m_c="0.000000" m_d="1.000000" m_tx="0.750000" m_ty="18.150000"/>
  </frame>
  <frame idx="1225" w="226" h="153" x="0.750000" y="-13.212482">
   <element name="compassmiddle" layername="compassmiddle" frame="0" z_index="1" m_a="1.000000" m_b="0.000000" m_c="0.000000" m_d="1.000000" m_tx="0.400000" m_ty="-44.150002"/>
   <element name="needle" layername="needle" frame="0" z_index="2" m_a="0.762770" m_b="0.340810" m_c="-0.131369" m_d="0.294018" m_tx="0.450000" m_ty="-37.150002"/>
   <element name="compassbase" layername="compassbase" frame="0" z_index="3" m_a="1.000000" m_b="0.000000" m_c="0.000000" m_d="1.000000" m_tx="-3.200000" m_ty="-21.549999"/>
   <element name="compassshadow" layername="compassshadow" frame="0" z_index="4" m_a="1.000000" m_b="0.000000" m_c="0.000000" m_d="1.000000" m_tx="0.750000" m_ty="18.150000"/>
  </frame>
  <frame idx="1250" w="226" h="153" x="0.750000" y="-13.212482">
   <element name="compassmiddle" layername="compassmiddle" frame="0" z_index="1" m_a="1.000000" m_b="0.000000" m_c="0.000000" m_d="1.000000" m_tx="0.400000" m_ty="-44.150002"/>
   <element name="needle" layername="needle" frame="0" z_index="2" m_a="0.759163" m_b="0.348788" m_c="-0.134444" m_d="0.292628" m_tx="0.450000" m_ty="-37.150002"/>
   <element name="compassbase" layername="compassbase" frame="0" z_index="3" m_a="1.000000" m_b="0.000000" m_c="0.000000" m_d="1.000000" m_tx="-3.200000" m_ty="-21.549999"/>
   <element name="compassshadow" layername="compassshadow" frame="0" z_index="4" m_a="1.000000" m_b="0.000000" m_c="0.000000" m_d="1.000000" m_tx="0.750000" m_ty="18.150000"/>
  </frame>
  <frame idx="1275" w="226" h="153" x="0.750000" y="-13.212482">
   <element name="compassmiddle" layername="compassmiddle" frame="0" z_index="1" m_a="1.000000" m_b="0.000000" m_c="0.000000" m_d="1.000000" m_tx="0.400000" m_ty="-44.150002"/>
   <element name="needle" layername="needle" frame="0" z_index="2" m_a="0.756018" m_b="0.355570" m_c="-0.137059" m_d="0.291416" m_tx="0.450000" m_ty="-37.150002"/>
   <element name="compassbase" layername="compassbase" frame="0" z_index="3" m_a="1.000000" m_b="0.000000" m_c="0.000000" m_d="1.000000" m_tx="-3.200000" m_ty="-21.549999"/>
   <element name="compassshadow" layername="compassshadow" frame="0" z_index="4" m_a="1.000000" m_b="0.000000" m_c="0.000000" m_d="1.000000" m_tx="0.750000" m_ty="18.150000"/>
  </frame>
  <frame idx="1300" w="226" h="153" x="0.750000" y="-13.212482">
   <element name="compassmiddle" layername="compassmiddle" frame="0" z_index="1" m_a="1.000000" m_b="0.000000" m_c="0.000000" m_d="1.000000" m_tx="0.400000" m_ty="-44.150002"/>
   <element name="needle" layername="needle" frame="0" z_index="2" m_a="0.753392" m_b="0.361113" m_c="-0.139195" m_d="0.290404" m_tx="0.450000" m_ty="-37.150002"/>
   <element name="compassbase" layername="compassbase" frame="0" z_index="3" m_a="1.000000" m_b="0.000000" m_c="0.000000" m_d="1.000000" m_tx="-3.200000" m_ty="-21.549999"/>
   <element name="compassshadow" layername="compassshadow" frame="0" z_index="4" m_a="1.000000" m_b="0.000000" m_c="0.000000" m_d="1.000000" m_tx="0.750000" m_ty="18.150000"/>
  </frame>
  <frame idx="1325" w="226" h="153" x="0.750000" y="-13.212482">
   <element name="compassmiddle" layername="compassmiddle" frame="0" z_index="1" m_a="1.000000" m_b="0.000000" m_c="0.000000" m_d="1.000000" m_tx="0.400000" m_ty="-44.150002"/>
   <element name="needle" layername="needle" frame="0" z_index="2" m_a="0.751389" m_b="0.365270" m_c="-0.140797" m_d="0.289631" m_tx="0.450000" m_ty="-37.150002"/>
   <element name="compassbase" layername="compassbase" frame="0" z_index="3" m_a="1.000000" m_b="0.000000" m_c="0.000000" m_d="1.000000" m_tx="-3.200000" m_ty="-21.549999"/>
   <element name="compassshadow" layername="compassshadow" frame="0" z_index="4" m_a="1.000000" m_b="0.000000" m_c="0.000000" m_d="1.000000" m_tx="0.750000" m_ty="18.150000"/>
  </frame>
  <frame idx="1350" w="226" h="153" x="0.750000" y="-13.212482">
   <element name="compassmiddle" layername="compassmiddle" frame="0" z_index="1" m_a="1.000000" m_b="0.000000" m_c="0.000000" m_d="1.000000" m_tx="0.400000" m_ty="-44.150002"/>
   <element name="needle" layername="needle" frame="0" z_index="2" m_a="0.749899" m_b="0.368325" m_c="-0.141975" m_d="0.289057" m_tx="0.450000" m_ty="-37.150002"/>
   <element name="compassbase" layername="compassbase" frame="0" z_index="3" m_a="1.000000" m_b="0.000000" m_c="0.000000" m_d="1.000000" m_tx="-3.200000" m_ty="-21.549999"/>
   <element name="compassshadow" layername="compassshadow" frame="0" z_index="4" m_a="1.000000" m_b="0.000000" m_c="0.000000" m_d="1.000000" m_tx="0.750000" m_ty="18.150000"/>
  </frame>
  <frame idx="1375" w="226" h="153" x="0.750000" y="-13.212482">
   <element name="compassmiddle" layername="compassmiddle" frame="0" z_index="1" m_a="1.000000" m_b="0.000000" m_c="0.000000" m_d="1.000000" m_tx="0.400000" m_ty="-44.150002"/>
   <element name="needle" layername="needle" frame="0" z_index="2" m_a="0.748947" m_b="0.370263" m_c="-0.142722" m_d="0.288690" m_tx="0.450000" m_ty="-37.150002"/>
   <element name="compassbase" layername="compassbase" frame="0" z_index="3" m_a="1.000000" m_b="0.000000" m_c="0.000000" m_d="1.000000" m_tx="-3.200000" m_ty="-21.549999"/>
   <element name="compassshadow" layername="compassshadow" frame="0" z_index="4" m_a="1.000000" m_b="0.000000" m_c="0.000000" m_d="1.000000" m_tx="0.750000" m_ty="18.150000"/>
  </frame>
  <frame idx="1400" w="226" h="153" x="0.750000" y="-13.212482">
   <element name="compassmiddle" layername="compassmiddle" frame="0" z_index="1" m_a="1.000000" m_b="0.000000" m_c="0.000000" m_d="1.000000" m_tx="0.400000" m_ty="-44.150002"/>
   <element name="needle" layername="needle" frame="0" z_index="2" m_a="0.748548" m_b="0.371070" m_c="-0.143033" m_d="0.288536" m_tx="0.450000" m_ty="-37.150002"/>
   <element name="compassbase" layername="compassbase" frame="0" z_index="3" m_a="1.000000" m_b="0.000000" m_c="0.000000" m_d="1.000000" m_tx="-3.200000" m_ty="-21.549999"/>
   <element name="compassshadow" layername="compassshadow" frame="0" z_index="4" m_a="1.000000" m_b="0.000000" m_c="0.000000" m_d="1.000000" m_tx="0.750000" m_ty="18.150000"/>
  </frame>
  <frame idx="1425" w="226" h="153" x="0.750000" y="-13.212482">
   <element name="compassmiddle" layername="compassmiddle" frame="0" z_index="1" m_a="1.000000" m_b="0.000000" m_c="0.000000" m_d="1.000000" m_tx="0.400000" m_ty="-44.150002"/>
   <element name="needle" layername="needle" frame="0" z_index="2" m_a="0.748953" m_b="0.370257" m_c="-0.142720" m_d="0.288692" m_tx="0.450000" m_ty="-37.150002"/>
   <element name="compassbase" layername="compassbase" frame="0" z_index="3" m_a="1.000000" m_b="0.000000" m_c="0.000000" m_d="1.000000" m_tx="-3.200000" m_ty="-21.549999"/>
   <element name="compassshadow" layername="compassshadow" frame="0" z_index="4" m_a="1.000000" m_b="0.000000" m_c="0.000000" m_d="1.000000" m_tx="0.750000" m_ty="18.150000"/>
  </frame>
  <frame idx="1450" w="226" h="153" x="0.750000" y="-13.212482">
   <element name="compassmiddle" layername="compassmiddle" frame="0" z_index="1" m_a="1.000000" m_b="0.000000" m_c="0.000000" m_d="1.000000" m_tx="0.400000" m_ty="-44.150002"/>
   <element name="needle" layername="needle" frame="0" z_index="2" m_a="0.749947" m_b="0.368256" m_c="-0.141948" m_d="0.289075" m_tx="0.450000" m_ty="-37.150002"/>
   <element name="compassbase" layername="compassbase" frame="0" z_index="3" m_a="1.000000" m_b="0.000000" m_c="0.000000" m_d="1.000000" m_tx="-3.200000" m_ty="-21.549999"/>
   <element name="compassshadow" layername="compassshadow" frame="0" z_index="4" m_a="1.000000" m_b="0.000000" m_c="0.000000" m_d="1.000000" m_tx="0.750000" m_ty="18.150000"/>
  </frame>
  <frame idx="1475" w="226" h="153" x="0.750000" y="-13.212482">
   <element name="compassmiddle" layername="compassmiddle" frame="0" z_index="1" m_a="1.000000" m_b="0.000000" m_c="0.000000" m_d="1.000000" m_tx="0.400000" m_ty="-44.150002"/>
   <element name="needle" layername="needle" frame="0" z_index="2" m_a="0.751491" m_b="0.365118" m_c="-0.140739" m_d="0.289671" m_tx="0.450000" m_ty="-37.150002"/>
   <element name="compassbase" layername="compassbase" frame="0" z_index="3" m_a="1.000000" m_b="0.000000" m_c="0.000000" m_d="1.000000" m_tx="-3.200000" m_ty="-21.549999"/>
   <element name="compassshadow" layername="compassshadow" frame="0" z_index="4" m_a="1.000000" m_b="0.000000" m_c="0.000000" m_d="1.000000" m_tx="0.750000" m_ty="18.150000"/>
  </frame>
  <frame idx="1500" w="226" h="153" x="0.750000" y="-13.212482">
   <element name="compassmiddle" layername="compassmiddle" frame="0" z_index="1" m_a="1.000000" m_b="0.000000" m_c="0.000000" m_d="1.000000" m_tx="0.400000" m_ty="-44.150002"/>
   <element name="needle" layername="needle" frame="0" z_index="2" m_a="0.753539" m_b="0.360903" m_c="-0.139114" m_d="0.290460" m_tx="0.450000" m_ty="-37.150002"/>
   <element name="compassbase" layername="compassbase" frame="0" z_index="3" m_a="1.000000" m_b="0.000000" m_c="0.000000" m_d="1.000000" m_tx="-3.200000" m_ty="-21.549999"/>
   <element name="compassshadow" layername="compassshadow" frame="0" z_index="4" m_a="1.000000" m_b="0.000000" m_c="0.000000" m_d="1.000000" m_tx="0.750000" m_ty="18.150000"/>
  </frame>
  <frame idx="1525" w="226" h="153" x="0.750000" y="-13.212482">
   <element name="compassmiddle" layername="compassmiddle" frame="0" z_index="1" m_a="1.000000" m_b="0.000000" m_c="0.000000" m_d="1.000000" m_tx="0.400000" m_ty="-44.150002"/>
   <element name="needle" layername="needle" frame="0" z_index="2" m_a="0.756404" m_b="0.354907" m_c="-0.136803" m_d="0.291564" m_tx="0.450000" m_ty="-37.150002"/>
   <element name="compassbase" layername="compassbase" frame="0" z_index="3" m_a="1.000000" m_b="0.000000" m_c="0.000000" m_d="1.000000" m_tx="-3.200000" m_ty="-21.549999"/>
   <element name="compassshadow" layername="compassshadow" frame="0" z_index="4" m_a="1.000000" m_b="0.000000" m_c="0.000000" m_d="1.000000" m_tx="0.750000" m_ty="18.150000"/>
  </frame>
  <frame idx="1550" w="226" h="153" x="0.750000" y="-13.212482">
   <element name="compassmiddle" layername="compassmiddle" frame="0" z_index="1" m_a="1.000000" m_b="0.000000" m_c="0.000000" m_d="1.000000" m_tx="0.400000" m_ty="-44.150002"/>
   <element name="needle" layername="needle" frame="0" z_index="2" m_a="0.759765" m_b="0.347708" m_c="-0.134028" m_d="0.292860" m_tx="0.450000" m_ty="-37.150002"/>
   <element name="compassbase" layername="compassbase" frame="0" z_index="3" m_a="1.000000" m_b="0.000000" m_c="0.000000" m_d="1.000000" m_tx="-3.200000" m_ty="-21.549999"/>
   <element name="compassshadow" layername="compassshadow" frame="0" z_index="4" m_a="1.000000" m_b="0.000000" m_c="0.000000" m_d="1.000000" m_tx="0.750000" m_ty="18.150000"/>
  </frame>
  <frame idx="1575" w="226" h="153" x="0.750000" y="-13.212482">
   <element name="compassmiddle" layername="compassmiddle" frame="0" z_index="1" m_a="1.000000" m_b="0.000000" m_c="0.000000" m_d="1.000000" m_tx="0.400000" m_ty="-44.150002"/>
   <element name="needle" layername="needle" frame="0" z_index="2" m_a="0.763549" m_b="0.339384" m_c="-0.130819" m_d="0.294319" m_tx="0.450000" m_ty="-37.150002"/>
   <element name="compassbase" layername="compassbase" frame="0" z_index="3" m_a="1.000000" m_b="0.000000" m_c="0.000000" m_d="1.000000" m_tx="-3.200000" m_ty="-21.549999"/>
   <element name="compassshadow" layername="compassshadow" frame="0" z_index="4" m_a="1.000000" m_b="0.000000" m_c="0.000000" m_d="1.000000" m_tx="0.750000" m_ty="18.150000"/>
  </frame>
  <frame idx="1600" w="226" h="153" x="0.750000" y="-13.212482">
   <element name="compassmiddle" layername="compassmiddle" frame="0" z_index="1" m_a="1.000000" m_b="0.000000" m_c="0.000000" m_d="1.000000" m_tx="0.400000" m_ty="-44.150002"/>
   <element name="needle" layername="needle" frame="0" z_index="2" m_a="0.767678" m_b="0.330012" m_c="-0.127207" m_d="0.295910" m_tx="0.450000" m_ty="-37.150002"/>
   <element name="compassbase" layername="compassbase" frame="0" z_index="3" m_a="1.000000" m_b="0.000000" m_c="0.000000" m_d="1.000000" m_tx="-3.200000" m_ty="-21.549999"/>
   <element name="compassshadow" layername="compassshadow" frame="0" z_index="4" m_a="1.000000" m_b="0.000000" m_c="0.000000" m_d="1.000000" m_tx="0.750000" m_ty="18.150000"/>
  </frame>
  <frame idx="1625" w="226" h="153" x="0.750000" y="-13.212482">
   <element name="compassmiddle" layername="compassmiddle" frame="0" z_index="1" m_a="1.000000" m_b="0.000000" m_c="0.000000" m_d="1.000000" m_tx="0.400000" m_ty="-44.150002"/>
   <element name="needle" layername="needle" frame="0" z_index="2" m_a="0.772543" m_b="0.318554" m_c="-0.122790" m_d="0.297785" m_tx="0.450000" m_ty="-37.150002"/>
   <element name="compassbase" layername="compassbase" frame="0" z_index="3" m_a="1.000000" m_b="0.000000" m_c="0.000000" m_d="1.000000" m_tx="-3.200000" m_ty="-21.549999"/>
   <element name="compassshadow" layername="compassshadow" frame="0" z_index="4" m_a="1.000000" m_b="0.000000" m_c="0.000000" m_d="1.000000" m_tx="0.750000" m_ty="18.150000"/>
  </frame>
  <frame idx="1650" w="226" h="153" x="0.750000" y="-13.212482">
   <element name="compassmiddle" layername="compassmiddle" frame="0" z_index="1" m_a="1.000000" m_b="0.000000" m_c="0.000000" m_d="1.000000" m_tx="0.400000" m_ty="-44.150002"/>
   <element name="needle" layername="needle" frame="0" z_index="2" m_a="0.777756" m_b="0.305716" m_c="-0.117842" m_d="0.299795" m_tx="0.450000" m_ty="-37.150002"/>
   <element name="compassbase" layername="compassbase" frame="0" z_index="3" m_a="1.000000" m_b="0.000000" m_c="0.000000" m_d="1.000000" m_tx="-3.200000" m_ty="-21.549999"/>
   <element name="compassshadow" layername="compassshadow" frame="0" z_index="4" m_a="1.000000" m_b="0.000000" m_c="0.000000" m_d="1.000000" m_tx="0.750000" m_ty="18.150000"/>
  </frame>
  <frame idx="1675" w="226" h="153" x="0.750000" y="-13.212482">
   <element name="compassmiddle" layername="compassmiddle" frame="0" z_index="1" m_a="1.000000" m_b="0.000000" m_c="0.000000" m_d="1.000000" m_tx="0.400000" m_ty="-44.150002"/>
   <element name="needle" layername="needle" frame="0" z_index="2" m_a="0.783206" m_b="0.291596" m_c="-0.112399" m_d="0.301896" m_tx="0.450000" m_ty="-37.150002"/>
   <element name="compassbase" layername="compassbase" frame="0" z_index="3" m_a="1.000000" m_b="0.000000" m_c="0.000000" m_d="1.000000" m_tx="-3.200000" m_ty="-21.549999"/>
   <element name="compassshadow" layername="compassshadow" frame="0" z_index="4" m_a="1.000000" m_b="0.000000" m_c="0.000000" m_d="1.000000" m_tx="0.750000" m_ty="18.150000"/>
  </frame>
  <frame idx="1700" w="226" h="153" x="0.750000" y="-13.212482">
   <element name="compassmiddle" layername="compassmiddle" frame="0" z_index="1" m_a="1.000000" m_b="0.000000" m_c="0.000000" m_d="1.000000" m_tx="0.400000" m_ty="-44.150002"/>
   <element name="needle" layername="needle" frame="0" z_index="2" m_a="0.788782" m_b="0.276299" m_c="-0.106503" m_d="0.304045" m_tx="0.450000" m_ty="-37.150002"/>
   <element name="compassbase" layername="compassbase" frame="0" z_index="3" m_a="1.000000" m_b="0.000000" m_c="0.000000" m_d="1.000000" m_tx="-3.200000" m_ty="-21.549999"/>
   <element name="compassshadow" layername="compassshadow" frame="0" z_index="4" m_a="1.000000" m_b="0.000000" m_c="0.000000" m_d="1.000000" m_tx="0.750000" m_ty="18.150000"/>
  </frame>
  <frame idx="1725" w="226" h="153" x="0.750000" y="-13.212482">
   <element name="compassmiddle" layername="compassmiddle" frame="0" z_index="1" m_a="1.000000" m_b="0.000000" m_c="0.000000" m_d="1.000000" m_tx="0.400000" m_ty="-44.150002"/>
   <element name="needle" layername="needle" frame="0" z_index="2" m_a="0.794903" m_b="0.258341" m_c="-0.099581" m_d="0.306405" m_tx="0.450000" m_ty="-37.150002"/>
   <element name="compassbase" layername="compassbase" frame="0" z_index="3" m_a="1.000000" m_b="0.000000" m_c="0.000000" m_d="1.000000" m_tx="-3.200000" m_ty="-21.549999"/>
   <element name="compassshadow" layername="compassshadow" frame="0" z_index="4" m_a="1.000000" m_b="0.000000" m_c="0.000000" m_d="1.000000" m_tx="0.750000" m_ty="18.150000"/>
  </frame>
  <frame idx="1750" w="226" h="153" x="0.750000" y="-13.212482">
   <element name="compassmiddle" layername="compassmiddle" frame="0" z_index="1" m_a="1.000000" m_b="0.000000" m_c="0.000000" m_d="1.000000" m_tx="0.400000" m_ty="-44.150002"/>
   <element name="needle" layername="needle" frame="0" z_index="2" m_a="0.801104" m_b="0.238630" m_c="-0.091983" m_d="0.308795" m_tx="0.450000" m_ty="-37.150002"/>
   <element name="compassbase" layername="compassbase" frame="0" z_index="3" m_a="1.000000" m_b="0.000000" m_c="0.000000" m_d="1.000000" m_tx="-3.200000" m_ty="-21.549999"/>
   <element name="compassshadow" layername="compassshadow" frame="0" z_index="4" m_a="1.000000" m_b="0.000000" m_c="0.000000" m_d="1.000000" m_tx="0.750000" m_ty="18.150000"/>
  </frame>
  <frame idx="1775" w="226" h="153" x="0.750000" y="-13.212482">
   <element name="compassmiddle" layername="compassmiddle" frame="0" z_index="1" m_a="1.000000" m_b="0.000000" m_c="0.000000" m_d="1.000000" m_tx="0.400000" m_ty="-44.150002"/>
   <element name="needle" layername="needle" frame="0" z_index="2" m_a="0.807219" m_b="0.217295" m_c="-0.083759" m_d="0.311152" m_tx="0.450000" m_ty="-37.150002"/>
   <element name="compassbase" layername="compassbase" frame="0" z_index="3" m_a="1.000000" m_b="0.000000" m_c="0.000000" m_d="1.000000" m_tx="-3.200000" m_ty="-21.549999"/>
   <element name="compassshadow" layername="compassshadow" frame="0" z_index="4" m_a="1.000000" m_b="0.000000" m_c="0.000000" m_d="1.000000" m_tx="0.750000" m_ty="18.150000"/>
  </frame>
  <frame idx="1800" w="226" h="153" x="0.750000" y="-13.212482">
   <element name="compassmiddle" layername="compassmiddle" frame="0" z_index="1" m_a="1.000000" m_b="0.000000" m_c="0.000000" m_d="1.000000" m_tx="0.400000" m_ty="-44.150002"/>
   <element name="needle" layername="needle" frame="0" z_index="2" m_a="0.813089" m_b="0.194479" m_c="-0.074964" m_d="0.313414" m_tx="0.450000" m_ty="-37.150002"/>
   <element name="compassbase" layername="compassbase" frame="0" z_index="3" m_a="1.000000" m_b="0.000000" m_c="0.000000" m_d="1.000000" m_tx="-3.200000" m_ty="-21.549999"/>
   <element name="compassshadow" layername="compassshadow" frame="0" z_index="4" m_a="1.000000" m_b="0.000000" m_c="0.000000" m_d="1.000000" m_tx="0.750000" m_ty="18.150000"/>
  </frame>
  <frame idx="1825" w="226" h="153" x="0.750000" y="-13.212482">
   <element name="compassmiddle" layername="compassmiddle" frame="0" z_index="1" m_a="1.000000" m_b="0.000000" m_c="0.000000" m_d="1.000000" m_tx="0.400000" m_ty="-44.150002"/>
   <element name="needle" layername="needle" frame="0" z_index="2" m_a="0.819041" m_b="0.168039" m_c="-0.064773" m_d="0.315709" m_tx="0.450000" m_ty="-37.150002"/>
   <element name="compassbase" layername="compassbase" frame="0" z_index="3" m_a="1.000000" m_b="0.000000" m_c="0.000000" m_d="1.000000" m_tx="-3.200000" m_ty="-21.549999"/>
   <element name="compassshadow" layername="compassshadow" frame="0" z_index="4" m_a="1.000000" m_b="0.000000" m_c="0.000000" m_d="1.000000" m_tx="0.750000" m_ty="18.150000"/>
  </frame>
  <frame idx="1850" w="226" h="153" x="0.750000" y="-13.212482">
   <element name="compassmiddle" layername="compassmiddle" frame="0" z_index="1" m_a="1.000000" m_b="0.000000" m_c="0.000000" m_d="1.000000" m_tx="0.400000" m_ty="-44.150002"/>
   <element name="needle" layername="needle" frame="0" z_index="2" m_a="0.824527" m_b="0.139154" m_c="-0.053639" m_d="0.317823" m_tx="0.450000" m_ty="-37.150002"/>
   <element name="compassbase" layername="compassbase" frame="0" z_index="3" m_a="1.000000" m_b="0.000000" m_c="0.000000" m_d="1.000000" m_tx="-3.200000" m_ty="-21.549999"/>
   <element name="compassshadow" layername="compassshadow" frame="0" z_index="4" m_a="1.000000" m_b="0.000000" m_c="0.000000" m_d="1.000000" m_tx="0.750000" m_ty="18.150000"/>
  </frame>
  <frame idx="1875" w="226" h="153" x="0.750000" y="-13.212482">
   <element name="compassmiddle" layername="compassmiddle" frame="0" z_index="1" m_a="1.000000" m_b="0.000000" m_c="0.000000" m_d="1.000000" m_tx="0.400000" m_ty="-44.150002"/>
   <element name="needle" layername="needle" frame="0" z_index="2" m_a="0.829277" m_b="0.107993" m_c="-0.041627" m_d="0.319654" m_tx="0.450000" m_ty="-37.150002"/>
   <element name="compassbase" layername="compassbase" frame="0" z_index="3" m_a="1.000000" m_b="0.000000" m_c="0.000000" m_d="1.000000" m_tx="-3.200000" m_ty="-21.549999"/>
   <element name="compassshadow" layername="compassshadow" frame="0" z_index="4" m_a="1.000000" m_b="0.000000" m_c="0.000000" m_d="1.000000" m_tx="0.750000" m_ty="18.150000"/>
  </frame>
  <frame idx="1900" w="226" h="153" x="0.750000" y="-13.212482">
   <element name="compassmiddle" layername="compassmiddle" frame="0" z_index="1" m_a="1.000000" m_b="0.000000" m_c="0.000000" m_d="1.000000" m_tx="0.400000" m_ty="-44.150002"/>
   <element name="needle" layername="needle" frame="0" z_index="2" m_a="0.833029" m_b="0.074752" m_c="-0.028814" m_d="0.321100" m_tx="0.450000" m_ty="-37.150002"/>
   <element name="compassbase" layername="compassbase" frame="0" z_index="3" m_a="1.000000" m_b="0.000000" m_c="0.000000" m_d="1.000000" m_tx="-3.200000" m_ty="-21.549999"/>
   <element name="compassshadow" layername="compassshadow" frame="0" z_index="4" m_a="1.000000" m_b="0.000000" m_c="0.000000" m_d="1.000000" m_tx="0.750000" m_ty="18.150000"/>
  </frame>
  <frame idx="1925" w="226" h="153" x="0.750000" y="-13.212482">
   <element name="compassmiddle" layername="compassmiddle" frame="0" z_index="1" m_a="1.000000" m_b="0.000000" m_c="0.000000" m_d="1.000000" m_tx="0.400000" m_ty="-44.150002"/>
   <element name="needle" layername="needle" frame="0" z_index="2" m_a="0.835710" m_b="0.036105" m_c="-0.013917" m_d="0.322134" m_tx="0.450000" m_ty="-37.150002"/>
   <element name="compassbase" layername="compassbase" frame="0" z_index="3" m_a="1.000000" m_b="0.000000" m_c="0.000000" m_d="1.000000" m_tx="-3.200000" m_ty="-21.549999"/>
   <element name="compassshadow" layername="compassshadow" frame="0" z_index="4" m_a="1.000000" m_b="0.000000" m_c="0.000000" m_d="1.000000" m_tx="0.750000" m_ty="18.150000"/>
  </frame>
 </anim>
</Anims>
