<Anims>
 <anim name="shake" root="grog" numframes="2000" framerate="40">
  <frame idx="0" w="195" h="263" x="3.046143" y="-58.430695">
   <element name="symbol0" layername="grog" frame="0" z_index="2" m_a="1.000000" m_b="0.000000" m_c="0.000000" m_d="1.000000" m_tx="0.000000" m_ty="0.000000"/>
  </frame>
  <frame idx="25" w="200" h="264" x="1.903610" y="-57.302490">
   <element name="symbol0" layername="grog" frame="0" z_index="2" m_a="0.999920" m_b="0.012615" m_c="-0.012615" m_d="0.999920" m_tx="0.000000" m_ty="0.000000"/>
  </frame>
  <frame idx="50" w="203" h="266" x="0.746941" y="-56.188789">
   <element name="symbol0" layername="grog" frame="0" z_index="2" m_a="0.999682" m_b="0.025228" m_c="-0.025228" m_d="0.999682" m_tx="0.000000" m_ty="0.000000"/>
  </frame>
  <frame idx="75" w="207" h="267" x="-0.423683" y="-55.089760">
   <element name="symbol0" layername="grog" frame="0" z_index="2" m_a="0.999284" m_b="0.037838" m_c="-0.037838" m_d="0.999284" m_tx="0.000000" m_ty="0.000000"/>
  </frame>
  <frame idx="100" w="211" h="268" x="-1.608040" y="-54.005638">
   <element name="symbol0" layername="grog" frame="0" z_index="2" m_a="0.998727" m_b="0.050440" m_c="-0.050440" m_d="0.998727" m_tx="0.000000" m_ty="0.000000"/>
  </frame>
  <frame idx="125" w="201" h="264" x="1.650986" y="-57.056839">
   <element name="symbol0" layername="grog" frame="0" z_index="2" m_a="0.999882" m_b="0.015383" m_c="-0.015383" m_d="0.999882" m_tx="0.000000" m_ty="0.000000"/>
  </frame>
  <frame idx="150" w="197" h="269" x="4.800957" y="-60.220406">
   <element name="symbol0" layername="grog" frame="0" z_index="2" m_a="0.999806" m_b="-0.019692" m_c="0.019692" m_d="0.999806" m_tx="0.000000" m_ty="0.000000"/>
  </frame>
  <frame idx="175" w="201" h="280" x="7.838081" y="-63.492546">
   <element name="symbol0" layername="grog" frame="0" z_index="2" m_a="0.998500" m_b="-0.054743" m_c="0.054743" m_d="0.998500" m_tx="0.000000" m_ty="0.000000"/>
  </frame>
  <frame idx="200" w="204" h="290" x="10.758530" y="-66.869118">
   <element name="symbol0" layername="grog" frame="0" z_index="2" m_a="0.995966" m_b="-0.089727" m_c="0.089727" m_d="0.995966" m_tx="0.000000" m_ty="0.000000"/>
  </frame>
  <frame idx="225" w="201" h="280" x="7.899139" y="-63.560745">
   <element name="symbol0" layername="grog" frame="0" z_index="2" m_a="0.998461" m_b="-0.055461" m_c="0.055461" m_d="0.998461" m_tx="0.000000" m_ty="0.000000"/>
  </frame>
  <frame idx="250" w="197" h="270" x="4.927795" y="-60.352539">
   <element name="symbol0" layername="grog" frame="0" z_index="2" m_a="0.999777" m_b="-0.021131" m_c="0.021131" m_d="0.999777" m_tx="0.000000" m_ty="0.000000"/>
  </frame>
  <frame idx="275" w="200" h="264" x="1.848015" y="-57.248299">
   <element name="symbol0" layername="grog" frame="0" z_index="2" m_a="0.999913" m_b="0.013225" m_c="-0.013225" m_d="0.999913" m_tx="0.000000" m_ty="0.000000"/>
  </frame>
  <frame idx="300" w="209" h="268" x="-1.336571" y="-54.251717">
   <element name="symbol0" layername="grog" frame="0" z_index="2" m_a="0.998868" m_b="0.047565" m_c="-0.047565" m_d="0.998868" m_tx="0.000000" m_ty="0.000000"/>
  </frame>
  <frame idx="325" w="205" h="267" x="0.178368" y="-55.651512">
   <element name="symbol0" layername="grog" frame="0" z_index="2" m_a="0.999508" m_b="0.031372" m_c="-0.031372" m_d="0.999508" m_tx="0.000000" m_ty="0.000000"/>
  </frame>
  <frame idx="350" w="201" h="264" x="1.670418" y="-57.075684">
   <element name="symbol0" layername="grog" frame="0" z_index="2" m_a="0.999885" m_b="0.015171" m_c="-0.015171" m_d="0.999885" m_tx="0.000000" m_ty="0.000000"/>
  </frame>
  <frame idx="375" w="196" h="263" x="3.139114" y="-58.523750">
   <element name="symbol0" layername="grog" frame="0" z_index="2" m_a="0.999999" m_b="-0.001033" m_c="0.001033" m_d="0.999999" m_tx="0.000000" m_ty="0.000000"/>
  </frame>
  <frame idx="400" w="197" h="269" x="4.584259" y="-59.995560">
   <element name="symbol0" layername="grog" frame="0" z_index="2" m_a="0.999851" m_b="-0.017239" m_c="0.017239" m_d="0.999851" m_tx="0.000000" m_ty="0.000000"/>
  </frame>
  <frame idx="425" w="196" h="263" x="2.900505" y="-58.285278">
   <element name="symbol0" layername="grog" frame="0" z_index="2" m_a="0.999999" m_b="0.001617" m_c="-0.001617" m_d="0.999999" m_tx="0.000000" m_ty="0.000000"/>
  </frame>
  <frame idx="450" w="202" h="266" x="1.184792" y="-56.607056">
   <element name="symbol0" layername="grog" frame="0" z_index="2" m_a="0.999790" m_b="0.020472" m_c="-0.020472" m_d="0.999790" m_tx="0.000000" m_ty="0.000000"/>
  </frame>
  <frame idx="475" w="207" h="267" x="-0.562263" y="-54.961479">
   <element name="symbol0" layername="grog" frame="0" z_index="2" m_a="0.999227" m_b="0.039320" m_c="-0.039320" m_d="0.999227" m_tx="0.000000" m_ty="0.000000"/>
  </frame>
  <frame idx="500" w="213" h="269" x="-2.340034" y="-53.349144">
   <element name="symbol0" layername="grog" frame="0" z_index="2" m_a="0.998308" m_b="0.058154" m_c="-0.058154" m_d="0.998308" m_tx="0.000000" m_ty="0.000000"/>
  </frame>
  <frame idx="525" w="206" h="267" x="-0.153465" y="-55.340996">
   <element name="symbol0" layername="grog" frame="0" z_index="2" m_a="0.999389" m_b="0.034941" m_c="-0.034941" m_d="0.999389" m_tx="0.000000" m_ty="0.000000"/>
  </frame>
  <frame idx="550" w="200" h="264" x="1.986183" y="-57.383080">
   <element name="symbol0" layername="grog" frame="0" z_index="2" m_a="0.999931" m_b="0.011709" m_c="-0.011709" m_d="0.999931" m_tx="0.000000" m_ty="0.000000"/>
  </frame>
  <frame idx="575" w="196" h="267" x="4.077805" y="-59.474319">
   <element name="symbol0" layername="grog" frame="0" z_index="2" m_a="0.999934" m_b="-0.011529" m_c="0.011529" m_d="0.999934" m_tx="0.000000" m_ty="0.000000"/>
  </frame>
  <frame idx="600" w="200" h="273" x="6.120285" y="-61.613632">
   <element name="symbol0" layername="grog" frame="0" z_index="2" m_a="0.999396" m_b="-0.034762" m_c="0.034762" m_d="0.999396" m_tx="0.000000" m_ty="0.000000"/>
  </frame>
  <frame idx="625" w="197" h="268" x="4.499130" y="-59.907532">
   <element name="symbol0" layername="grog" frame="0" z_index="2" m_a="0.999867" m_b="-0.016277" m_c="0.016277" m_d="0.999867" m_tx="0.000000" m_ty="0.000000"/>
  </frame>
  <frame idx="650" w="196" h="263" x="2.846695" y="-58.231689">
   <element name="symbol0" layername="grog" frame="0" z_index="2" m_a="0.999998" m_b="0.002214" m_c="-0.002214" m_d="0.999998" m_tx="0.000000" m_ty="0.000000"/>
  </frame>
  <frame idx="675" w="202" h="266" x="1.163559" y="-56.586685">
   <element name="symbol0" layername="grog" frame="0" z_index="2" m_a="0.999786" m_b="0.020703" m_c="-0.020703" m_d="0.999786" m_tx="0.000000" m_ty="0.000000"/>
  </frame>
  <frame idx="700" w="207" h="267" x="-0.549706" y="-54.973091">
   <element name="symbol0" layername="grog" frame="0" z_index="2" m_a="0.999232" m_b="0.039186" m_c="-0.039186" m_d="0.999232" m_tx="0.000000" m_ty="0.000000"/>
  </frame>
  <frame idx="725" w="200" h="264" x="1.735603" y="-57.138969">
   <element name="symbol0" layername="grog" frame="0" z_index="2" m_a="0.999896" m_b="0.014457" m_c="-0.014457" m_d="0.999896" m_tx="0.000000" m_ty="0.000000"/>
  </frame>
  <frame idx="750" w="196" h="267" x="3.966675" y="-59.360756">
   <element name="symbol0" layername="grog" frame="0" z_index="2" m_a="0.999947" m_b="-0.010281" m_c="0.010281" m_d="0.999947" m_tx="0.000000" m_ty="0.000000"/>
  </frame>
  <frame idx="775" w="200" h="273" x="6.142090" y="-61.636986">
   <element name="symbol0" layername="grog" frame="0" z_index="2" m_a="0.999387" m_b="-0.035012" m_c="0.035012" m_d="0.999387" m_tx="0.000000" m_ty="0.000000"/>
  </frame>
  <frame idx="800" w="202" h="281" x="8.260498" y="-63.966339">
   <element name="symbol0" layername="grog" frame="0" z_index="2" m_a="0.998215" m_b="-0.059722" m_c="0.059722" m_d="0.998215" m_tx="0.000000" m_ty="0.000000"/>
  </frame>
  <frame idx="825" w="202" h="281" x="8.149254" y="-63.841118">
   <element name="symbol0" layername="grog" frame="0" z_index="2" m_a="0.998293" m_b="-0.058409" m_c="0.058409" m_d="0.998293" m_tx="0.000000" m_ty="0.000000"/>
  </frame>
  <frame idx="850" w="201" h="280" x="8.037857" y="-63.716026">
   <element name="symbol0" layername="grog" frame="0" z_index="2" m_a="0.998369" m_b="-0.057095" m_c="0.057095" m_d="0.998369" m_tx="0.000000" m_ty="0.000000"/>
  </frame>
  <frame idx="875" w="201" h="280" x="7.926285" y="-63.591080">
   <element name="symbol0" layername="grog" frame="0" z_index="2" m_a="0.998443" m_b="-0.055781" m_c="0.055781" m_d="0.998443" m_tx="0.000000" m_ty="0.000000"/>
  </frame>
  <frame idx="900" w="201" h="280" x="7.814545" y="-63.466293">
   <element name="symbol0" layername="grog" frame="0" z_index="2" m_a="0.998516" m_b="-0.054467" m_c="0.054467" m_d="0.998516" m_tx="0.000000" m_ty="0.000000"/>
  </frame>
  <frame idx="925" w="201" h="279" x="7.702652" y="-63.341644">
   <element name="symbol0" layername="grog" frame="0" z_index="2" m_a="0.998586" m_b="-0.053153" m_c="0.053153" m_d="0.998586" m_tx="0.000000" m_ty="0.000000"/>
  </frame>
  <frame idx="950" w="201" h="279" x="7.590591" y="-63.217148">
   <element name="symbol0" layername="grog" frame="0" z_index="2" m_a="0.998655" m_b="-0.051838" m_c="0.051838" m_d="0.998655" m_tx="0.000000" m_ty="0.000000"/>
  </frame>
  <frame idx="975" w="201" h="278" x="7.478363" y="-63.092804">
   <element name="symbol0" layername="grog" frame="0" z_index="2" m_a="0.998723" m_b="-0.050524" m_c="0.050524" m_d="0.998723" m_tx="0.000000" m_ty="0.000000"/>
  </frame>
  <frame idx="1000" w="201" h="278" x="7.365967" y="-62.968605">
   <element name="symbol0" layername="grog" frame="0" z_index="2" m_a="0.998788" m_b="-0.049210" m_c="0.049210" m_d="0.998788" m_tx="0.000000" m_ty="0.000000"/>
  </frame>
  <frame idx="1025" w="201" h="278" x="7.253418" y="-62.844543">
   <element name="symbol0" layername="grog" frame="0" z_index="2" m_a="0.998852" m_b="-0.047895" m_c="0.047895" m_d="0.998852" m_tx="0.000000" m_ty="0.000000"/>
  </frame>
  <frame idx="1050" w="201" h="277" x="7.140701" y="-62.720642">
   <element name="symbol0" layername="grog" frame="0" z_index="2" m_a="0.998915" m_b="-0.046581" m_c="0.046581" m_d="0.998915" m_tx="0.000000" m_ty="0.000000"/>
  </frame>
  <frame idx="1075" w="200" h="277" x="7.027824" y="-62.596886">
   <element name="symbol0" layername="grog" frame="0" z_index="2" m_a="0.998975" m_b="-0.045266" m_c="0.045266" m_d="0.998975" m_tx="0.000000" m_ty="0.000000"/>
  </frame>
  <frame idx="1100" w="200" h="277" x="6.914780" y="-62.473274">
   <element name="symbol0" layername="grog" frame="0" z_index="2" m_a="0.999034" m_b="-0.043951" m_c="0.043951" m_d="0.999034" m_tx="0.000000" m_ty="0.000000"/>
  </frame>
  <frame idx="1125" w="200" h="275" x="6.801575" y="-62.349815">
   <element name="symbol0" layername="grog" frame="0" z_index="2" m_a="0.999091" m_b="-0.042636" m_c="0.042636" m_d="0.999091" m_tx="0.000000" m_ty="0.000000"/>
  </frame>
  <frame idx="1150" w="200" h="275" x="6.688217" y="-62.226501">
   <element name="symbol0" layername="grog" frame="0" z_index="2" m_a="0.999146" m_b="-0.041322" m_c="0.041322" m_d="0.999146" m_tx="0.000000" m_ty="0.000000"/>
  </frame>
  <frame idx="1175" w="200" h="275" x="6.574684" y="-62.103340">
   <element name="symbol0" layername="grog" frame="0" z_index="2" m_a="0.999199" m_b="-0.040007" m_c="0.040007" m_d="0.999199" m_tx="0.000000" m_ty="0.000000"/>
  </frame>
  <frame idx="1200" w="200" h="274" x="6.460999" y="-61.980324">
   <element name="symbol0" layername="grog" frame="0" z_index="2" m_a="0.999251" m_b="-0.038692" m_c="0.038692" m_d="0.999251" m_tx="0.000000" m_ty="0.000000"/>
  </frame>
  <frame idx="1225" w="200" h="274" x="6.347137" y="-61.857468">
   <element name="symbol0" layername="grog" frame="0" z_index="2" m_a="0.999301" m_b="-0.037376" m_c="0.037376" m_d="0.999301" m_tx="0.000000" m_ty="0.000000"/>
  </frame>
  <frame idx="1250" w="200" h="274" x="6.233131" y="-61.734749">
   <element name="symbol0" layername="grog" frame="0" z_index="2" m_a="0.999350" m_b="-0.036061" m_c="0.036061" m_d="0.999350" m_tx="0.000000" m_ty="0.000000"/>
  </frame>
  <frame idx="1275" w="200" h="273" x="6.118950" y="-61.612190">
   <element name="symbol0" layername="grog" frame="0" z_index="2" m_a="0.999396" m_b="-0.034746" m_c="0.034746" m_d="0.999396" m_tx="0.000000" m_ty="0.000000"/>
  </frame>
  <frame idx="1300" w="198" h="273" x="6.004608" y="-61.489777">
   <element name="symbol0" layername="grog" frame="0" z_index="2" m_a="0.999441" m_b="-0.033431" m_c="0.033431" m_d="0.999441" m_tx="0.000000" m_ty="0.000000"/>
  </frame>
  <frame idx="1325" w="198" h="273" x="5.890114" y="-61.367516">
   <element name="symbol0" layername="grog" frame="0" z_index="2" m_a="0.999484" m_b="-0.032116" m_c="0.032116" m_d="0.999484" m_tx="0.000000" m_ty="0.000000"/>
  </frame>
  <frame idx="1350" w="198" h="272" x="5.775452" y="-61.245407">
   <element name="symbol0" layername="grog" frame="0" z_index="2" m_a="0.999526" m_b="-0.030800" m_c="0.030800" m_d="0.999526" m_tx="0.000000" m_ty="0.000000"/>
  </frame>
  <frame idx="1375" w="198" h="272" x="5.660629" y="-61.123451">
   <element name="symbol0" layername="grog" frame="0" z_index="2" m_a="0.999565" m_b="-0.029485" m_c="0.029485" m_d="0.999565" m_tx="0.000000" m_ty="0.000000"/>
  </frame>
  <frame idx="1400" w="198" h="272" x="5.545654" y="-61.001633">
   <element name="symbol0" layername="grog" frame="0" z_index="2" m_a="0.999603" m_b="-0.028169" m_c="0.028169" m_d="0.999603" m_tx="0.000000" m_ty="0.000000"/>
  </frame>
  <frame idx="1425" w="198" h="271" x="5.430511" y="-60.879982">
   <element name="symbol0" layername="grog" frame="0" z_index="2" m_a="0.999639" m_b="-0.026854" m_c="0.026854" m_d="0.999639" m_tx="0.000000" m_ty="0.000000"/>
  </frame>
  <frame idx="1450" w="198" h="271" x="5.315216" y="-60.758476">
   <element name="symbol0" layername="grog" frame="0" z_index="2" m_a="0.999674" m_b="-0.025538" m_c="0.025538" m_d="0.999674" m_tx="0.000000" m_ty="0.000000"/>
  </frame>
  <frame idx="1475" w="198" h="270" x="5.199753" y="-60.637123">
   <element name="symbol0" layername="grog" frame="0" z_index="2" m_a="0.999707" m_b="-0.024222" m_c="0.024222" m_d="0.999707" m_tx="0.000000" m_ty="0.000000"/>
  </frame>
  <frame idx="1500" w="197" h="270" x="5.084137" y="-60.515915">
   <element name="symbol0" layername="grog" frame="0" z_index="2" m_a="0.999738" m_b="-0.022907" m_c="0.022907" m_d="0.999738" m_tx="0.000000" m_ty="0.000000"/>
  </frame>
  <frame idx="1525" w="197" h="270" x="4.968353" y="-60.394875">
   <element name="symbol0" layername="grog" frame="0" z_index="2" m_a="0.999767" m_b="-0.021591" m_c="0.021591" m_d="0.999767" m_tx="0.000000" m_ty="0.000000"/>
  </frame>
  <frame idx="1550" w="197" h="269" x="4.852417" y="-60.273972">
   <element name="symbol0" layername="grog" frame="0" z_index="2" m_a="0.999794" m_b="-0.020275" m_c="0.020275" m_d="0.999794" m_tx="0.000000" m_ty="0.000000"/>
  </frame>
  <frame idx="1575" w="197" h="269" x="4.736313" y="-60.153236">
   <element name="symbol0" layername="grog" frame="0" z_index="2" m_a="0.999820" m_b="-0.018960" m_c="0.018960" m_d="0.999820" m_tx="0.000000" m_ty="0.000000"/>
  </frame>
  <frame idx="1600" w="197" h="269" x="4.620819" y="-60.033417">
   <element name="symbol0" layername="grog" frame="0" z_index="2" m_a="0.999844" m_b="-0.017652" m_c="0.017652" m_d="0.999844" m_tx="0.000000" m_ty="0.000000"/>
  </frame>
  <frame idx="1625" w="197" h="268" x="4.523224" y="-59.932442">
   <element name="symbol0" layername="grog" frame="0" z_index="2" m_a="0.999863" m_b="-0.016549" m_c="0.016549" m_d="0.999863" m_tx="0.000000" m_ty="0.000000"/>
  </frame>
  <frame idx="1650" w="197" h="268" x="4.425537" y="-59.831558">
   <element name="symbol0" layername="grog" frame="0" z_index="2" m_a="0.999881" m_b="-0.015446" m_c="0.015446" m_d="0.999881" m_tx="0.000000" m_ty="0.000000"/>
  </frame>
  <frame idx="1675" w="197" h="268" x="4.327721" y="-59.730797">
   <element name="symbol0" layername="grog" frame="0" z_index="2" m_a="0.999897" m_b="-0.014343" m_c="0.014343" m_d="0.999897" m_tx="0.000000" m_ty="0.000000"/>
  </frame>
  <frame idx="1700" w="197" h="267" x="4.229805" y="-59.630135">
   <element name="symbol0" layername="grog" frame="0" z_index="2" m_a="0.999912" m_b="-0.013239" m_c="0.013239" m_d="0.999912" m_tx="0.000000" m_ty="0.000000"/>
  </frame>
  <frame idx="1725" w="197" h="267" x="4.131775" y="-59.529587">
   <element name="symbol0" layername="grog" frame="0" z_index="2" m_a="0.999926" m_b="-0.012136" m_c="0.012136" m_d="0.999926" m_tx="0.000000" m_ty="0.000000"/>
  </frame>
  <frame idx="1750" w="196" h="267" x="4.033630" y="-59.429138">
   <element name="symbol0" layername="grog" frame="0" z_index="2" m_a="0.999939" m_b="-0.011033" m_c="0.011033" m_d="0.999939" m_tx="0.000000" m_ty="0.000000"/>
  </frame>
  <frame idx="1775" w="196" h="267" x="3.935387" y="-59.328804">
   <element name="symbol0" layername="grog" frame="0" z_index="2" m_a="0.999951" m_b="-0.009930" m_c="0.009930" m_d="0.999951" m_tx="0.000000" m_ty="0.000000"/>
  </frame>
  <frame idx="1800" w="196" h="266" x="3.837013" y="-59.228584">
   <element name="symbol0" layername="grog" frame="0" z_index="2" m_a="0.999961" m_b="-0.008826" m_c="0.008826" m_d="0.999961" m_tx="0.000000" m_ty="0.000000"/>
  </frame>
  <frame idx="1825" w="196" h="266" x="3.738541" y="-59.128464">
   <element name="symbol0" layername="grog" frame="0" z_index="2" m_a="0.999970" m_b="-0.007723" m_c="0.007723" m_d="0.999970" m_tx="0.000000" m_ty="0.000000"/>
  </frame>
  <frame idx="1850" w="196" h="266" x="3.639954" y="-59.028458">
   <element name="symbol0" layername="grog" frame="0" z_index="2" m_a="0.999978" m_b="-0.006620" m_c="0.006620" m_d="0.999978" m_tx="0.000000" m_ty="0.000000"/>
  </frame>
  <frame idx="1875" w="196" h="264" x="3.541267" y="-58.928551">
   <element name="symbol0" layername="grog" frame="0" z_index="2" m_a="0.999985" m_b="-0.005517" m_c="0.005517" m_d="0.999985" m_tx="0.000000" m_ty="0.000000"/>
  </frame>
  <frame idx="1900" w="196" h="264" x="3.442459" y="-58.828766">
   <element name="symbol0" layername="grog" frame="0" z_index="2" m_a="0.999990" m_b="-0.004413" m_c="0.004413" m_d="0.999990" m_tx="0.000000" m_ty="0.000000"/>
  </frame>
  <frame idx="1925" w="196" h="264" x="3.343544" y="-58.729088">
   <element name="symbol0" layername="grog" frame="0" z_index="2" m_a="0.999995" m_b="-0.003310" m_c="0.003310" m_d="0.999995" m_tx="0.000000" m_ty="0.000000"/>
  </frame>
  <frame idx="1950" w="196" h="264" x="3.244522" y="-58.629517">
   <element name="symbol0" layername="grog" frame="0" z_index="2" m_a="0.999998" m_b="-0.002207" m_c="0.002207" m_d="0.999998" m_tx="0.000000" m_ty="0.000000"/>
  </frame>
  <frame idx="1975" w="196" h="263" x="3.145386" y="-58.530045">
   <element name="symbol0" layername="grog" frame="0" z_index="2" m_a="0.999999" m_b="-0.001103" m_c="0.001103" m_d="0.999999" m_tx="0.000000" m_ty="0.000000"/>
  </frame>
 </anim>
 <anim name="Idle" root="grog" numframes="1000" framerate="40">
  <frame idx="0" w="175" h="202" x="-14.262085" y="-38.675201">
   <element name="symbol0" layername="grog" frame="0" z_index="2" m_a="0.800000" m_b="0.000000" m_c="0.000000" m_d="0.800000" m_tx="0.691774" m_ty="37.755505"/>
  </frame>
  <frame idx="25" w="175" h="202" x="-14.262085" y="-38.675201">
   <element name="symbol0" layername="grog" frame="0" z_index="2" m_a="0.800000" m_b="0.000000" m_c="0.000000" m_d="0.800000" m_tx="0.691774" m_ty="37.755505"/>
  </frame>
  <frame idx="50" w="175" h="202" x="-14.262085" y="-38.675201">
   <element name="symbol0" layername="grog" frame="0" z_index="2" m_a="0.800000" m_b="0.000000" m_c="0.000000" m_d="0.800000" m_tx="0.691774" m_ty="37.755505"/>
  </frame>
  <frame idx="75" w="175" h="202" x="-14.262085" y="-38.675201">
   <element name="symbol0" layername="grog" frame="0" z_index="2" m_a="0.800000" m_b="0.000000" m_c="0.000000" m_d="0.800000" m_tx="0.691774" m_ty="37.755505"/>
  </frame>
  <frame idx="100" w="175" h="202" x="-14.262085" y="-38.675201">
   <element name="symbol0" layername="grog" frame="0" z_index="2" m_a="0.800000" m_b="0.000000" m_c="0.000000" m_d="0.800000" m_tx="0.691774" m_ty="37.755505"/>
  </frame>
  <frame idx="125" w="175" h="202" x="-14.262085" y="-38.675201">
   <element name="symbol0" layername="grog" frame="0" z_index="2" m_a="0.800000" m_b="0.000000" m_c="0.000000" m_d="0.800000" m_tx="0.691774" m_ty="37.755505"/>
  </frame>
  <frame idx="150" w="175" h="202" x="-14.262085" y="-38.675201">
   <element name="symbol0" layername="grog" frame="0" z_index="2" m_a="0.800000" m_b="0.000000" m_c="0.000000" m_d="0.800000" m_tx="0.691774" m_ty="37.755505"/>
  </frame>
  <frame idx="175" w="175" h="202" x="-14.262085" y="-38.675201">
   <element name="symbol0" layername="grog" frame="0" z_index="2" m_a="0.800000" m_b="0.000000" m_c="0.000000" m_d="0.800000" m_tx="0.691774" m_ty="37.755505"/>
  </frame>
  <frame idx="200" w="175" h="202" x="-14.262085" y="-38.675201">
   <element name="symbol0" layername="grog" frame="0" z_index="2" m_a="0.800000" m_b="0.000000" m_c="0.000000" m_d="0.800000" m_tx="0.691774" m_ty="37.755505"/>
  </frame>
  <frame idx="225" w="175" h="202" x="-14.262085" y="-38.675201">
   <element name="symbol0" layername="grog" frame="0" z_index="2" m_a="0.800000" m_b="0.000000" m_c="0.000000" m_d="0.800000" m_tx="0.691774" m_ty="37.755505"/>
  </frame>
  <frame idx="250" w="175" h="202" x="-14.262085" y="-38.675201">
   <element name="symbol0" layername="grog" frame="0" z_index="2" m_a="0.800000" m_b="0.000000" m_c="0.000000" m_d="0.800000" m_tx="0.691774" m_ty="37.755505"/>
  </frame>
  <frame idx="275" w="175" h="202" x="-14.262085" y="-38.675201">
   <element name="symbol0" layername="grog" frame="0" z_index="2" m_a="0.800000" m_b="0.000000" m_c="0.000000" m_d="0.800000" m_tx="0.691774" m_ty="37.755505"/>
  </frame>
  <frame idx="300" w="175" h="202" x="-14.262085" y="-38.675201">
   <element name="symbol0" layername="grog" frame="0" z_index="2" m_a="0.800000" m_b="0.000000" m_c="0.000000" m_d="0.800000" m_tx="0.691774" m_ty="37.755505"/>
  </frame>
  <frame idx="325" w="175" h="202" x="-14.262085" y="-38.675201">
   <element name="symbol0" layername="grog" frame="0" z_index="2" m_a="0.800000" m_b="0.000000" m_c="0.000000" m_d="0.800000" m_tx="0.691774" m_ty="37.755505"/>
  </frame>
  <frame idx="350" w="175" h="202" x="-14.262085" y="-38.675201">
   <element name="symbol0" layername="grog" frame="0" z_index="2" m_a="0.800000" m_b="0.000000" m_c="0.000000" m_d="0.800000" m_tx="0.691774" m_ty="37.755505"/>
  </frame>
  <frame idx="375" w="175" h="202" x="-14.262085" y="-38.675201">
   <element name="symbol0" layername="grog" frame="0" z_index="2" m_a="0.800000" m_b="0.000000" m_c="0.000000" m_d="0.800000" m_tx="0.691774" m_ty="37.755505"/>
  </frame>
  <frame idx="400" w="175" h="202" x="-14.262085" y="-38.675201">
   <element name="symbol0" layername="grog" frame="0" z_index="2" m_a="0.800000" m_b="0.000000" m_c="0.000000" m_d="0.800000" m_tx="0.691774" m_ty="37.755505"/>
  </frame>
  <frame idx="425" w="175" h="202" x="-14.262085" y="-38.675201">
   <element name="symbol0" layername="grog" frame="0" z_index="2" m_a="0.800000" m_b="0.000000" m_c="0.000000" m_d="0.800000" m_tx="0.691774" m_ty="37.755505"/>
  </frame>
  <frame idx="450" w="175" h="202" x="-14.262085" y="-38.675201">
   <element name="symbol0" layername="grog" frame="0" z_index="2" m_a="0.800000" m_b="0.000000" m_c="0.000000" m_d="0.800000" m_tx="0.691774" m_ty="37.755505"/>
  </frame>
  <frame idx="475" w="175" h="202" x="-14.262085" y="-38.675201">
   <element name="symbol0" layername="grog" frame="0" z_index="2" m_a="0.800000" m_b="0.000000" m_c="0.000000" m_d="0.800000" m_tx="0.691774" m_ty="37.755505"/>
  </frame>
  <frame idx="500" w="175" h="202" x="-14.262085" y="-38.675201">
   <element name="symbol0" layername="grog" frame="0" z_index="2" m_a="0.800000" m_b="0.000000" m_c="0.000000" m_d="0.800000" m_tx="0.691774" m_ty="37.755505"/>
  </frame>
  <frame idx="525" w="175" h="202" x="-14.262085" y="-38.675201">
   <element name="symbol0" layername="grog" frame="0" z_index="2" m_a="0.800000" m_b="0.000000" m_c="0.000000" m_d="0.800000" m_tx="0.691774" m_ty="37.755505"/>
  </frame>
  <frame idx="550" w="175" h="202" x="-14.262085" y="-38.675201">
   <element name="symbol0" layername="grog" frame="0" z_index="2" m_a="0.800000" m_b="0.000000" m_c="0.000000" m_d="0.800000" m_tx="0.691774" m_ty="37.755505"/>
  </frame>
  <frame idx="575" w="175" h="202" x="-14.262085" y="-38.675201">
   <element name="symbol0" layername="grog" frame="0" z_index="2" m_a="0.800000" m_b="0.000000" m_c="0.000000" m_d="0.800000" m_tx="0.691774" m_ty="37.755505"/>
  </frame>
  <frame idx="600" w="175" h="202" x="-14.262085" y="-38.675201">
   <element name="symbol0" layername="grog" frame="0" z_index="2" m_a="0.800000" m_b="0.000000" m_c="0.000000" m_d="0.800000" m_tx="0.691774" m_ty="37.755505"/>
  </frame>
  <frame idx="625" w="175" h="202" x="-14.262085" y="-38.675201">
   <element name="symbol0" layername="grog" frame="0" z_index="2" m_a="0.800000" m_b="0.000000" m_c="0.000000" m_d="0.800000" m_tx="0.691774" m_ty="37.755505"/>
  </frame>
  <frame idx="650" w="175" h="202" x="-14.262085" y="-38.675201">
   <element name="symbol0" layername="grog" frame="0" z_index="2" m_a="0.800000" m_b="0.000000" m_c="0.000000" m_d="0.800000" m_tx="0.691774" m_ty="37.755505"/>
  </frame>
  <frame idx="675" w="175" h="202" x="-14.262085" y="-38.675201">
   <element name="symbol0" layername="grog" frame="0" z_index="2" m_a="0.800000" m_b="0.000000" m_c="0.000000" m_d="0.800000" m_tx="0.691774" m_ty="37.755505"/>
  </frame>
  <frame idx="700" w="175" h="202" x="-14.262085" y="-38.675201">
   <element name="symbol0" layername="grog" frame="0" z_index="2" m_a="0.800000" m_b="0.000000" m_c="0.000000" m_d="0.800000" m_tx="0.691774" m_ty="37.755505"/>
  </frame>
  <frame idx="725" w="175" h="202" x="-14.262085" y="-38.675201">
   <element name="symbol0" layername="grog" frame="0" z_index="2" m_a="0.800000" m_b="0.000000" m_c="0.000000" m_d="0.800000" m_tx="0.691774" m_ty="37.755505"/>
  </frame>
  <frame idx="750" w="175" h="202" x="-14.262085" y="-38.675201">
   <element name="symbol0" layername="grog" frame="0" z_index="2" m_a="0.800000" m_b="0.000000" m_c="0.000000" m_d="0.800000" m_tx="0.691774" m_ty="37.755505"/>
  </frame>
  <frame idx="775" w="175" h="202" x="-14.262085" y="-38.675201">
   <element name="symbol0" layername="grog" frame="0" z_index="2" m_a="0.800000" m_b="0.000000" m_c="0.000000" m_d="0.800000" m_tx="0.691774" m_ty="37.755505"/>
  </frame>
  <frame idx="800" w="175" h="202" x="-14.262085" y="-38.675201">
   <element name="symbol0" layername="grog" frame="0" z_index="2" m_a="0.800000" m_b="0.000000" m_c="0.000000" m_d="0.800000" m_tx="0.691774" m_ty="37.755505"/>
  </frame>
  <frame idx="825" w="175" h="202" x="-14.262085" y="-38.675201">
   <element name="symbol0" layername="grog" frame="0" z_index="2" m_a="0.800000" m_b="0.000000" m_c="0.000000" m_d="0.800000" m_tx="0.691774" m_ty="37.755505"/>
  </frame>
  <frame idx="850" w="175" h="202" x="-14.262085" y="-38.675201">
   <element name="symbol0" layername="grog" frame="0" z_index="2" m_a="0.800000" m_b="0.000000" m_c="0.000000" m_d="0.800000" m_tx="0.691774" m_ty="37.755505"/>
  </frame>
  <frame idx="875" w="175" h="202" x="-14.262085" y="-38.675201">
   <element name="symbol0" layername="grog" frame="0" z_index="2" m_a="0.800000" m_b="0.000000" m_c="0.000000" m_d="0.800000" m_tx="0.691774" m_ty="37.755505"/>
  </frame>
  <frame idx="900" w="175" h="202" x="-14.262085" y="-38.675201">
   <element name="symbol0" layername="grog" frame="0" z_index="2" m_a="0.800000" m_b="0.000000" m_c="0.000000" m_d="0.800000" m_tx="0.691774" m_ty="37.755505"/>
  </frame>
  <frame idx="925" w="175" h="202" x="-14.262085" y="-38.675201">
   <element name="symbol0" layername="grog" frame="0" z_index="2" m_a="0.800000" m_b="0.000000" m_c="0.000000" m_d="0.800000" m_tx="0.691774" m_ty="37.755505"/>
  </frame>
  <frame idx="950" w="175" h="202" x="-14.262085" y="-38.675201">
   <element name="symbol0" layername="grog" frame="0" z_index="2" m_a="0.800000" m_b="0.000000" m_c="0.000000" m_d="0.800000" m_tx="0.691774" m_ty="37.755505"/>
  </frame>
  <frame idx="975" w="175" h="202" x="-14.262085" y="-38.675201">
   <element name="symbol0" layername="grog" frame="0" z_index="2" m_a="0.800000" m_b="0.000000" m_c="0.000000" m_d="0.800000" m_tx="0.691774" m_ty="37.755505"/>
  </frame>
 </anim>
</Anims>
